Datetime,工學院綜合大樓,思亮館,一號館2F,電機一館,心理系北館,-漁業生物實驗室-,-原分所-,一號館1F(戲劇系),一號館3F,三號館,全球變遷中心,小福樓,新數學研究中心,-電子顯微鏡館-,人類學博物館,土木館,數學館,漁業陳列館,-推廣中心-,動物標本館,植物溫室,積學館,應用力學研究大樓,凝態物理科學館,普通大樓,一號館,博雅館,化學工程館,樂學館,心理南研究大樓,農業陳列館,物理系液氮機室,生化所,貴儀中心氦液化機用電,植物標本館,-新生大樓-,化學館,化學館(不含貴儀中心氦液化機用電),海洋研究所,-城鄉所-
2026-01-01 00:00:00,149.56,36.37,19.63,54.66,25.0,0.0,304.25,2.94,54.33,54.25,73.88,1.75,0.81,6.52,88.91,26.44,0.7,1.25,,1.19,3.2,281.79,106.22,597.76,8.73,76.9,23.43,72.69,4.71,6.06,1.75,0.09,66.4,1.0,2.53,10.97,220.37,219.37,101.2,
2026-01-01 01:00:00,148.37,35.04,19.13,54.78,24.88,0.0,309.68,3.0,55.03,53.82,74.18,1.75,0.81,6.71,85.39,26.25,0.7,1.3,,1.09,3.26,281.29,104.09,594.95,8.94,77.16,22.25,72.63,5.26,5.75,1.81,0.1,67.28,1.06,2.85,10.87,218.77,217.71,97.39,
2026-01-01 02:00:00,146.5,34.93,19.3,54.87,24.62,0.0,308.19,3.0,55.2,53.25,72.8,1.72,0.82,6.33,88.45,24.56,0.72,1.29,,1.05,3.2,278.72,101.85,592.3,10.01,77.5,22.31,72.06,4.9,4.44,1.75,0.1,66.0,1.32,3.09,10.63,221.22,219.9,99.26,
2026-01-01 03:00:00,145.07,35.37,17.88,54.19,23.63,0.0,302.19,2.88,54.46,54.41,71.96,1.75,0.81,6.65,87.98,23.25,0.71,1.3,,1.08,3.45,279.18,100.72,582.69,9.21,75.22,22.5,71.31,4.51,4.37,1.75,0.1,63.72,1.0,2.9,10.34,220.07,219.07,96.92,
2026-01-01 04:00:00,147.0,34.94,18.25,54.41,24.0,0.0,300.31,2.93,54.73,53.58,73.49,1.72,0.81,6.37,82.03,23.25,0.71,1.22,,1.05,3.51,276.82,101.43,584.31,9.84,75.91,22.64,72.38,4.5,4.31,1.56,0.1,65.72,3.31,2.88,10.41,220.95,217.64,99.32,
2026-01-01 05:00:00,145.18,35.47,18.26,54.44,23.62,0.0,301.81,2.88,55.11,53.63,72.67,1.75,0.81,6.37,82.76,22.13,0.72,1.32,,0.99,3.76,278.29,99.63,588.52,10.18,76.25,24.3,70.5,4.5,4.25,1.69,0.11,65.22,1.25,2.85,10.53,219.02,217.77,95.33,
2026-01-01 06:00:00,145.07,35.66,18.93,55.12,23.69,0.0,294.85,2.91,55.33,53.69,71.1,1.5,0.82,6.36,73.87,22.06,0.71,1.37,,0.97,4.19,276.6,101.41,581.24,10.35,77.17,24.19,70.43,3.87,4.13,1.63,0.09,64.25,1.0,2.69,10.34,221.19,220.19,91.77,
2026-01-01 07:00:00,146.37,34.53,18.25,54.91,23.81,0.0,293.12,2.59,55.57,53.85,70.51,1.4,0.81,6.36,82.39,22.0,0.7,1.28,,0.99,4.19,276.64,98.81,582.29,10.28,76.41,25.0,69.88,3.47,4.19,1.87,0.06,63.78,1.06,2.84,9.28,217.76,216.7,90.43,
2026-01-01 08:00:00,146.19,34.12,19.56,53.34,45.25,0.0,293.35,2.72,56.51,55.27,72.31,1.41,0.81,6.69,75.69,22.12,0.7,1.31,,0.96,4.2,274.33,98.56,584.38,5.78,78.79,24.31,69.56,3.49,3.87,1.69,0.04,64.84,1.25,2.93,9.0,222.19,220.94,89.17,
2026-01-01 09:00:00,147.44,34.25,20.25,54.41,40.63,0.0,288.06,2.84,60.36,55.7,72.88,1.4,0.81,6.59,83.07,21.94,0.7,1.3,,0.99,4.2,278.73,100.34,584.8,4.56,83.45,22.5,71.63,3.21,3.88,1.75,0.04,65.38,1.0,3.04,9.25,219.16,218.16,90.08,
2026-01-01 10:00:00,145.18,33.69,20.37,54.06,41.37,0.0,288.12,2.69,59.04,56.19,72.67,1.41,0.75,8.89,87.06,22.31,0.69,1.31,,1.0,3.19,279.22,99.44,593.78,4.1,82.1,22.7,73.43,3.15,4.12,1.56,0.03,66.31,1.06,3.12,8.88,218.91,217.85,89.95,
2026-01-01 11:00:00,148.19,34.0,20.39,54.81,42.19,0.0,286.07,2.91,58.28,58.52,71.25,1.41,0.82,9.34,87.04,22.75,0.7,1.25,,0.93,3.38,285.39,98.5,597.7,4.59,81.58,22.24,73.13,3.12,4.19,1.69,0.04,69.03,3.57,3.15,8.78,227.61,224.04,90.28,
2026-01-01 12:00:00,147.19,33.91,20.68,55.63,41.63,0.0,293.18,2.74,58.84,58.63,72.89,1.37,0.81,9.53,85.75,23.57,0.69,1.33,,0.96,3.26,284.68,99.06,593.99,3.8,82.26,22.38,73.56,3.25,4.31,1.75,0.03,70.57,1.0,3.23,9.0,226.56,225.56,90.99,
2026-01-01 13:00:00,152.37,34.43,20.51,53.97,41.75,0.0,294.75,2.82,61.44,57.51,72.77,1.44,0.75,8.97,83.2,23.93,0.7,1.35,,1.03,3.37,287.38,102.25,595.28,5.78,84.77,23.25,73.06,3.31,4.31,1.63,0.03,71.59,1.0,3.06,9.03,228.46,227.46,91.52,
2026-01-01 14:00:00,154.32,34.26,20.49,55.25,42.62,0.0,297.28,2.75,59.31,59.54,73.07,1.44,0.81,9.67,88.57,23.88,0.7,1.21,,0.97,3.45,289.39,102.22,600.28,5.58,82.55,24.74,73.32,3.53,3.94,1.56,0.04,70.25,1.25,3.03,8.84,231.03,229.78,91.52,
2026-01-01 15:00:00,153.5,35.18,20.87,55.43,42.69,0.0,296.32,2.9,58.19,64.27,71.39,1.4,0.81,9.83,82.2,23.94,0.7,1.44,,1.05,3.44,291.89,102.47,599.74,8.93,81.96,25.0,74.25,4.02,3.81,1.69,0.04,70.84,1.06,2.72,8.53,236.93,235.87,93.36,
2026-01-01 16:00:00,152.56,34.81,20.47,54.85,42.31,0.0,299.34,2.91,57.93,62.11,71.77,1.44,0.82,9.74,81.98,24.81,0.69,1.3,,1.12,3.45,290.62,106.22,601.1,10.41,81.31,24.95,73.87,4.37,4.0,1.81,0.05,71.19,0.87,2.94,8.69,236.53,235.66,90.75,
2026-01-01 17:00:00,148.87,35.31,20.95,57.03,41.88,0.0,291.56,3.22,57.9,59.85,71.3,1.5,0.75,9.89,76.24,25.44,0.7,1.18,,1.52,3.75,293.76,106.53,598.47,9.19,82.07,25.62,72.5,4.87,4.25,1.8,0.07,68.47,1.25,2.65,9.5,234.99,233.74,90.9,
2026-01-01 18:00:00,149.13,35.22,20.49,55.25,42.62,0.0,289.57,3.22,57.46,57.46,71.21,1.66,0.81,9.91,77.8,24.87,0.69,1.28,,1.21,3.51,292.18,104.1,590.08,8.0,81.17,25.13,71.63,4.46,4.13,1.75,0.06,67.16,3.44,2.47,10.22,237.31,233.87,91.16,
2026-01-01 19:00:00,144.44,34.41,20.44,55.37,42.06,0.0,286.31,3.0,56.42,58.01,72.18,1.65,0.75,8.42,77.03,24.44,0.69,1.28,,1.44,3.12,292.2,103.56,592.42,8.0,79.86,24.36,70.93,4.26,4.25,1.94,0.08,64.87,0.75,2.57,10.16,232.15,231.4,90.73,
2026-01-01 20:00:00,145.68,34.78,19.62,54.97,40.32,0.0,287.78,2.91,58.11,57.35,72.51,1.66,0.81,7.19,79.4,25.25,0.7,1.15,,1.18,3.13,291.44,103.31,592.55,7.76,80.64,22.89,69.75,3.79,4.0,1.81,0.07,66.44,1.25,2.22,9.72,231.37,230.12,91.55,
2026-01-01 21:00:00,144.82,35.47,19.69,55.35,26.43,0.0,290.78,2.84,55.07,56.71,72.59,1.69,0.81,7.31,74.98,24.81,0.69,1.37,,1.12,3.12,289.29,101.06,589.97,7.91,77.6,22.31,69.13,4.01,4.12,1.88,0.08,64.22,1.25,2.05,9.46,224.99,223.74,91.19,
2026-01-01 22:00:00,142.87,34.62,19.12,55.06,24.82,0.0,291.09,3.09,54.61,56.9,69.04,2.93,0.82,7.07,84.32,23.75,0.7,1.09,,1.46,3.2,282.84,101.97,593.0,8.2,76.82,22.31,69.5,4.18,4.13,2.75,0.09,64.81,0.81,1.98,9.82,219.78,218.97,91.21,
2026-01-01 23:00:00,143.25,33.73,19.57,53.84,24.12,0.0,288.63,2.98,55.21,55.75,71.07,1.69,0.75,6.52,84.65,24.31,0.71,1.03,,1.05,3.2,276.63,100.69,581.66,8.59,77.76,22.63,68.62,3.9,4.12,2.13,0.09,63.31,0.88,2.12,10.34,222.26,221.38,89.52,
2026-01-02 00:00:00,143.19,34.49,19.31,54.35,24.25,0.0,287.53,2.93,54.15,54.52,71.21,1.72,0.81,6.3,79.7,23.82,0.7,1.3,,1.07,3.18,275.09,102.0,578.63,8.75,76.39,22.75,67.75,3.71,4.07,1.81,0.1,63.91,1.31,2.25,10.38,215.71,214.4,89.02,
2026-01-02 01:00:00,144.75,34.85,18.25,54.65,24.0,0.0,289.88,2.82,53.57,53.99,70.56,1.72,0.81,6.31,78.22,23.43,0.72,1.22,,0.98,3.2,272.02,100.66,585.15,9.64,74.64,22.5,67.82,3.19,4.06,1.75,0.1,63.22,1.13,2.03,10.59,214.27,213.14,91.55,
2026-01-02 02:00:00,144.31,34.87,18.87,53.63,24.06,0.0,289.06,2.74,54.37,54.07,68.42,1.72,0.88,6.11,78.32,23.13,0.71,1.01,,1.0,3.19,268.15,100.46,583.03,10.19,75.98,22.48,68.18,2.92,4.31,1.75,0.11,63.65,3.06,1.94,10.47,216.47,213.41,90.65,
2026-01-02 03:00:00,142.75,35.16,18.63,54.25,23.88,0.0,287.4,2.76,53.77,53.33,68.92,1.75,0.81,6.35,79.21,23.25,0.71,1.12,,0.96,3.38,266.66,100.07,580.0,9.74,75.16,23.08,67.57,3.55,4.19,1.62,0.1,62.6,1.06,2.1,10.81,213.12,212.06,90.11,
2026-01-02 04:00:00,143.13,34.66,18.63,53.25,23.12,0.0,285.47,2.77,53.69,52.81,71.05,1.75,0.81,6.07,77.18,22.75,0.72,1.32,,0.93,3.5,266.24,99.78,581.59,10.29,75.09,22.5,67.43,3.27,4.12,1.69,0.05,63.47,1.25,2.3,10.47,215.76,214.51,90.61,
2026-01-02 05:00:00,143.18,36.34,18.81,54.03,23.94,0.0,286.1,2.75,54.03,52.2,69.43,1.72,0.81,6.3,79.31,22.69,0.71,1.05,,0.93,3.83,266.32,100.4,574.42,10.3,75.59,24.06,66.75,3.05,4.13,1.69,0.01,61.71,1.06,2.38,10.66,214.47,213.41,88.97,
2026-01-02 06:00:00,142.25,33.87,18.18,53.94,23.69,0.0,287.87,2.72,53.4,52.23,67.83,1.5,0.82,6.24,76.69,22.81,0.71,1.12,,0.84,4.63,265.45,98.82,572.06,9.49,74.3,35.49,66.88,2.84,4.12,1.62,0.03,63.19,0.75,1.93,10.9,214.01,213.26,86.76,
2026-01-02 07:00:00,147.63,34.76,18.89,52.46,24.0,0.0,291.53,2.66,54.34,51.8,68.08,1.4,0.81,6.46,78.87,24.0,0.85,1.16,,1.01,4.39,266.88,98.18,577.64,13.35,75.89,61.07,66.81,2.92,3.94,1.88,0.07,65.41,1.0,2.13,10.22,218.97,217.97,90.56,
2026-01-02 08:00:00,157.81,41.62,21.3,53.19,43.19,0.0,298.91,3.18,56.74,57.02,70.83,1.41,0.81,9.74,77.24,29.31,1.22,1.0,,1.33,4.43,276.9,108.07,588.94,22.88,81.22,68.0,71.38,3.13,5.56,4.5,0.08,69.87,1.25,2.94,9.59,230.26,229.01,97.03,
2026-01-02 09:00:00,169.94,45.44,22.81,53.53,44.37,0.0,329.59,3.6,58.36,59.89,71.99,1.44,0.75,9.42,76.97,34.44,1.19,1.69,,1.76,4.69,297.0,109.93,608.1,20.83,84.77,67.07,78.62,4.5,6.82,6.19,0.07,72.97,1.0,4.16,10.32,241.31,240.31,101.27,
2026-01-02 10:00:00,175.37,46.19,22.34,54.13,47.5,0.0,339.1,3.78,62.91,64.39,72.97,1.81,0.81,8.77,79.12,35.0,1.2,1.82,,1.79,5.32,312.12,114.91,628.76,20.52,89.03,65.93,81.69,5.19,6.81,6.5,0.07,78.28,3.19,5.28,11.5,250.66,247.47,108.12,
2026-01-02 11:00:00,173.75,47.28,22.38,54.69,47.75,0.0,342.43,4.41,64.16,65.78,72.92,1.47,0.82,9.65,73.11,36.44,0.91,1.58,,1.81,4.38,321.14,115.34,639.64,17.98,90.95,66.68,87.81,6.53,7.19,6.06,0.1,83.22,1.06,4.87,9.81,252.51,251.45,110.96,
2026-01-02 12:00:00,176.75,47.03,22.19,53.81,47.19,0.0,340.88,4.31,63.9,65.32,75.35,1.06,0.75,9.92,79.72,35.43,0.69,1.24,,1.82,4.38,330.04,119.5,639.7,18.19,90.4,63.75,90.44,6.46,6.93,5.44,0.05,80.56,1.25,3.81,9.69,254.77,253.52,110.08,
2026-01-02 13:00:00,189.07,47.22,23.0,54.34,49.19,0.0,341.37,4.82,61.43,65.56,76.18,1.25,0.81,10.27,73.78,35.25,0.68,1.72,,2.23,4.38,328.1,123.63,642.6,22.0,89.25,64.32,97.69,7.12,6.44,6.0,0.03,79.5,0.94,4.44,9.65,258.79,257.85,112.38,
2026-01-02 14:00:00,188.0,48.27,23.94,54.1,50.62,0.0,347.57,4.83,64.4,68.67,75.4,0.38,0.81,9.59,78.9,37.25,0.69,1.83,,1.78,4.69,332.67,125.78,654.1,95.64,93.17,67.45,99.06,5.83,7.06,6.56,0.03,81.29,2.88,4.44,9.0,264.38,261.5,111.82,
2026-01-02 15:00:00,181.87,47.17,23.43,54.15,49.81,0.0,339.56,4.5,61.95,68.88,76.69,0.0,0.81,10.33,74.54,37.0,0.8,1.7,,1.88,4.43,338.21,127.59,670.31,76.17,89.88,67.73,101.25,6.34,7.88,6.44,0.04,79.18,2.18,4.41,9.35,266.98,264.8,113.1,
2026-01-02 16:00:00,171.44,46.37,24.5,54.72,50.25,0.0,334.59,4.29,61.39,74.16,77.28,0.0,0.82,10.02,78.6,37.38,0.62,1.7,31.25,2.0,3.89,334.05,129.29,676.14,70.37,90.18,67.76,94.0,6.29,8.75,6.62,0.06,79.57,0.75,3.28,9.47,262.13,261.38,111.68,4.78
2026-01-02 17:00:00,160.37,40.25,24.0,53.72,50.63,0.0,322.53,3.96,60.08,69.64,72.89,0.0,0.75,8.95,77.64,34.87,0.59,1.51,37.22,2.71,3.87,322.5,120.68,659.1,13.11,88.04,61.44,83.87,5.34,6.81,4.0,0.08,74.37,0.75,2.74,9.75,256.54,255.79,107.17,4.86
2026-01-02 18:00:00,148.63,38.0,22.81,52.81,47.81,0.0,306.04,3.44,63.29,65.84,71.02,0.0,0.81,6.9,73.94,30.88,0.59,0.91,38.09,2.71,3.63,310.51,112.53,647.75,7.84,89.54,45.18,79.25,5.13,5.75,3.81,0.08,68.94,0.75,2.51,9.96,247.72,246.97,100.3,5.06
2026-01-02 19:00:00,146.37,37.0,21.82,51.88,42.56,0.0,298.31,3.03,57.87,62.11,69.48,0.0,0.81,7.28,73.97,28.75,0.6,1.04,36.58,2.78,3.25,307.6,110.29,619.9,7.96,82.72,41.26,74.82,3.32,6.06,3.19,0.07,66.03,0.75,2.34,9.6,240.01,239.26,95.27,3.75
2026-01-02 20:00:00,143.32,36.59,21.3,52.97,34.25,0.0,293.97,2.97,52.91,57.44,67.97,0.0,0.75,6.85,77.89,27.19,0.6,0.93,31.64,2.42,3.31,299.47,111.4,596.37,7.51,77.18,29.75,73.37,3.07,4.69,2.87,0.08,65.47,0.75,2.31,9.44,238.27,237.52,93.16,3.89
2026-01-02 21:00:00,145.18,35.88,22.07,52.65,26.0,0.0,288.62,3.03,54.01,56.63,66.46,0.0,0.81,6.83,76.08,25.31,0.59,0.9,26.12,2.42,3.19,287.96,106.47,584.16,7.54,79.11,21.68,73.88,3.37,4.88,1.76,0.08,64.4,3.13,2.32,9.75,233.18,230.05,92.41,4.38
2026-01-02 22:00:00,139.57,34.81,21.19,52.06,25.57,0.0,287.88,3.41,54.09,54.52,66.2,0.0,0.82,6.8,55.63,24.94,0.6,0.92,13.96,2.45,3.12,279.75,103.31,576.92,7.77,78.69,21.31,71.25,3.3,4.75,1.75,0.09,64.57,0.75,2.18,9.81,219.31,218.56,94.52,5.31
2026-01-02 23:00:00,136.75,33.94,19.56,52.1,25.5,0.0,282.65,3.1,53.4,53.11,65.28,0.0,0.81,6.92,55.63,23.5,0.6,0.9,9.5,2.37,3.13,272.47,103.22,578.44,7.4,76.06,21.07,70.68,3.3,4.5,1.68,0.08,62.59,0.75,2.28,10.25,218.28,217.53,93.38,2.52
2026-01-03 00:00:00,135.5,34.75,18.32,51.97,24.43,0.0,287.82,3.02,53.34,51.34,67.78,0.0,0.81,6.53,59.29,23.37,0.6,0.83,8.96,1.93,3.19,265.75,103.0,571.62,7.98,74.68,20.92,69.94,3.48,4.18,1.63,0.1,60.72,0.75,2.51,10.22,212.27,211.52,89.74,1.9
2026-01-03 01:00:00,134.68,34.81,18.24,52.93,23.38,0.0,285.15,2.82,53.33,50.79,66.24,0.0,0.81,5.99,57.28,22.81,0.6,0.94,8.75,1.96,3.12,265.0,100.94,570.22,8.11,74.39,20.51,69.75,3.95,4.25,1.69,0.09,61.84,0.75,2.34,10.12,214.74,213.99,87.8,2.02
2026-01-03 02:00:00,134.0,33.81,17.87,52.04,23.75,0.0,283.75,2.74,53.78,51.4,65.86,0.0,0.82,5.93,55.64,22.5,0.61,0.82,8.76,2.06,3.19,264.88,99.66,570.59,9.49,74.39,20.76,69.81,4.01,4.32,1.62,0.11,60.94,1.06,2.44,10.13,209.83,208.77,90.95,1.95
2026-01-03 03:00:00,134.63,34.32,18.19,52.21,23.31,0.0,285.88,2.79,53.57,50.77,65.95,0.0,0.81,5.97,60.09,22.63,0.62,0.83,9.37,1.92,3.31,265.44,99.34,570.72,8.98,74.55,21.0,70.19,4.51,4.18,1.69,0.1,60.94,1.25,2.65,10.5,213.78,212.53,88.58,1.93
2026-01-03 04:00:00,135.12,33.81,18.47,57.5,23.5,0.0,283.12,2.69,53.58,51.45,66.39,0.0,0.81,5.84,56.41,22.31,0.61,0.79,9.84,1.91,3.56,264.75,98.53,569.95,9.61,74.74,21.3,69.63,3.14,4.19,1.63,0.11,61.44,3.25,2.5,10.59,215.4,212.15,90.14,1.94
2026-01-03 05:00:00,134.0,34.66,18.76,52.04,23.69,0.0,283.72,2.68,54.66,50.59,65.92,0.0,0.81,6.06,58.82,22.25,0.61,0.85,12.36,1.3,3.69,264.49,99.19,567.93,8.98,76.1,22.13,69.06,2.96,4.31,1.62,0.09,60.78,0.75,2.59,10.56,220.58,219.83,88.64,1.91
2026-01-03 06:00:00,133.13,33.75,18.11,52.78,23.31,0.0,280.63,2.63,54.95,51.64,65.98,0.0,0.82,5.83,60.65,22.69,0.61,0.68,10.9,0.88,4.13,265.11,97.15,566.71,9.69,75.69,24.25,69.87,2.78,4.19,1.63,0.06,60.12,0.75,2.51,10.44,214.05,213.3,87.18,1.66
2026-01-03 07:00:00,133.06,34.06,18.32,52.15,23.44,0.0,280.9,2.56,55.48,51.91,65.94,0.0,0.81,5.9,54.2,22.75,0.61,0.8,15.23,1.08,4.12,265.64,95.85,567.13,7.59,76.36,25.0,69.0,2.68,4.06,1.5,0.05,59.81,0.75,2.49,9.34,214.37,213.62,88.93,1.64
2026-01-03 08:00:00,134.0,33.13,19.25,53.38,24.94,0.0,277.81,2.59,55.32,53.39,67.11,0.0,0.81,7.09,58.78,22.37,0.6,0.82,40.75,1.19,3.5,265.84,97.4,569.85,3.73,77.16,24.81,69.44,2.57,5.25,1.5,0.06,61.16,0.75,2.79,9.22,211.21,210.46,88.36,1.66
2026-01-03 09:00:00,136.19,33.9,20.56,52.37,42.62,0.0,280.85,2.54,55.98,53.83,67.25,0.0,0.81,7.29,61.16,22.82,0.59,0.92,49.0,1.23,3.06,265.85,98.0,569.43,3.74,79.08,23.69,69.94,2.5,5.0,1.5,0.05,60.91,0.75,3.31,10.07,211.11,210.36,88.44,1.65
2026-01-03 10:00:00,138.31,34.59,20.63,52.97,36.25,0.0,278.84,3.12,57.63,54.39,65.72,0.0,0.75,8.49,58.64,23.31,0.6,0.81,49.0,1.24,3.25,269.28,102.13,577.31,4.56,81.38,28.7,71.75,2.98,5.07,,0.06,61.84,0.75,4.16,12.21,215.46,214.71,88.29,1.64
2026-01-03 11:00:00,143.25,34.31,20.88,53.91,41.0,0.0,280.03,3.04,58.92,54.9,68.03,0.0,0.82,8.78,57.26,23.94,0.6,1.05,49.03,1.36,3.19,274.07,101.62,585.22,14.2,82.84,40.17,72.06,3.61,5.0,,0.06,63.38,0.75,4.34,14.13,215.07,214.32,88.56,1.56
2026-01-03 12:00:00,143.75,34.66,20.36,52.78,37.44,0.0,282.63,3.15,58.5,55.86,68.91,0.0,0.81,9.64,61.49,24.06,0.6,0.91,49.71,1.24,3.25,281.15,99.16,594.07,31.13,82.01,42.32,71.56,3.08,5.12,,0.04,64.25,3.06,3.78,24.03,218.09,215.03,91.15,1.66
2026-01-03 13:00:00,146.13,35.43,20.0,53.94,38.56,0.0,282.62,2.69,58.09,57.68,68.82,0.0,0.81,9.39,59.84,25.12,0.6,0.96,50.65,1.07,3.13,285.19,101.22,594.85,33.44,80.78,43.74,72.5,3.4,5.5,,0.06,61.81,0.75,4.03,37.03,217.72,216.97,95.12,1.9
2026-01-03 14:00:00,144.87,34.35,20.81,54.37,38.44,0.0,282.66,2.78,56.29,61.56,70.05,0.0,0.75,9.42,57.78,25.5,0.6,0.91,50.82,1.02,3.43,284.94,104.62,605.45,30.46,79.88,45.39,73.57,3.82,5.94,,0.05,61.69,0.75,4.09,31.72,216.72,215.97,96.45,2.32
2026-01-03 15:00:00,145.69,33.88,21.11,53.03,40.37,0.0,282.44,2.68,61.84,61.98,69.22,0.0,0.81,10.9,62.61,26.32,0.6,1.07,50.97,0.99,3.57,286.17,107.19,600.67,20.31,85.63,48.86,73.25,4.25,6.06,,0.04,63.78,0.82,4.23,25.94,222.77,221.95,97.34,2.41
2026-01-03 16:00:00,147.12,34.59,20.07,53.66,38.19,0.0,285.06,2.78,58.17,60.66,68.6,0.0,0.82,9.61,54.99,25.75,0.6,0.92,46.91,1.02,3.81,281.55,109.03,598.76,7.49,81.02,43.63,72.37,4.34,5.44,,,64.65,1.25,2.94,11.9,226.55,225.3,96.09,2.55
2026-01-03 17:00:00,142.69,34.53,20.56,53.03,42.56,0.0,280.31,3.26,58.38,58.82,67.66,0.0,0.81,9.23,60.76,26.18,0.59,0.76,41.62,1.22,3.87,280.06,108.97,591.97,9.08,82.2,27.06,72.63,4.53,4.87,,,64.94,1.18,2.81,15.44,223.53,222.35,91.31,3.26
2026-01-03 18:00:00,142.44,33.66,21.68,54.03,37.69,0.0,281.19,3.12,57.2,57.99,69.91,0.0,0.75,7.48,59.67,24.69,0.59,0.85,21.74,1.21,3.57,277.12,103.94,590.11,7.44,82.0,26.32,71.75,3.34,4.5,,,62.72,2.19,2.68,11.72,221.29,219.1,88.37,3.35
2026-01-03 19:00:00,142.25,33.4,22.32,53.41,42.06,0.0,282.34,2.97,56.07,57.18,68.07,0.0,0.81,5.66,54.89,24.56,0.6,0.88,13.86,1.47,3.18,275.1,105.84,591.88,7.44,81.36,25.62,71.37,3.32,4.32,,,61.81,1.63,2.47,11.75,219.11,217.48,88.61,3.76
2026-01-03 20:00:00,142.44,35.35,20.62,52.59,27.32,0.0,278.85,3.07,53.01,56.62,68.84,0.0,0.81,5.51,58.69,24.0,0.59,0.84,13.97,1.16,3.13,270.77,103.32,600.05,7.43,76.7,24.32,71.06,3.76,4.31,,,62.44,0.75,2.44,11.56,221.64,220.89,88.92,4.06
2026-01-03 21:00:00,140.81,36.59,19.94,53.41,26.18,0.0,276.09,3.3,52.99,54.91,67.41,0.0,0.75,5.66,59.73,23.82,0.6,0.79,14.37,1.16,3.12,269.95,101.56,598.66,7.33,76.23,22.86,71.5,3.62,4.37,,,60.78,0.81,2.34,11.75,220.05,219.24,88.89,4.69
2026-01-03 22:00:00,138.19,34.22,19.25,53.28,25.25,0.0,278.28,3.26,53.08,53.1,67.1,0.0,0.82,5.62,54.57,23.56,0.59,0.87,12.75,1.01,3.19,269.5,100.72,596.22,7.29,75.59,21.7,71.07,3.82,4.32,,,60.63,1.25,2.34,11.66,219.75,218.5,87.41,4.79
2026-01-03 23:00:00,135.93,34.16,18.63,53.34,25.57,0.0,273.5,3.06,53.77,52.53,66.98,0.0,0.81,5.73,60.72,23.94,0.6,0.76,9.92,1.06,3.13,265.33,99.5,590.49,7.54,75.46,22.18,70.81,4.11,4.37,,,60.9,1.12,2.42,12.03,217.7,216.58,88.89,4.62
2026-01-04 00:00:00,136.94,34.84,18.37,53.57,25.25,0.0,273.75,2.78,55.19,50.42,69.78,0.0,0.81,5.53,57.33,24.0,0.61,0.88,9.31,1.11,3.18,267.26,100.37,577.88,7.86,76.34,22.63,69.81,4.0,5.69,,,61.69,0.75,2.77,12.84,218.46,217.71,86.82,3.79
2026-01-04 01:00:00,136.81,34.85,18.25,52.81,25.0,0.0,278.16,2.87,53.88,50.61,67.61,0.0,0.81,6.24,58.48,24.37,0.61,0.74,9.06,1.07,3.19,264.54,101.1,589.4,8.5,75.0,21.12,69.38,3.45,5.12,,,60.34,0.94,2.6,12.63,214.25,213.31,88.11,3.7
2026-01-04 02:00:00,134.88,34.49,19.06,53.65,25.0,0.0,276.56,2.78,53.99,49.94,67.63,0.0,0.82,6.15,58.01,23.13,0.61,0.86,9.22,1.02,3.19,262.4,98.65,579.08,9.76,75.83,21.57,69.12,3.54,4.25,,,60.72,3.13,2.59,13.25,214.53,211.4,88.59,3.65
2026-01-04 03:00:00,136.06,34.69,19.01,53.44,24.68,0.0,279.84,2.76,54.07,51.15,67.74,0.0,0.81,5.51,58.6,23.0,0.62,0.79,9.28,1.01,3.37,261.53,98.35,578.67,9.42,75.84,21.37,69.0,3.78,4.07,,,61.28,1.18,2.66,13.66,215.53,214.35,86.44,3.28
2026-01-04 04:00:00,134.88,34.63,18.3,52.78,24.44,0.0,280.16,2.75,53.85,52.87,67.93,0.0,0.81,5.55,59.34,22.68,0.61,0.8,9.81,1.56,3.5,262.91,97.43,577.08,9.69,74.9,21.56,69.06,3.62,4.0,,,60.03,1.07,2.77,12.53,212.38,211.31,88.51,3.32
2026-01-04 05:00:00,134.37,34.31,18.5,53.97,24.88,0.0,276.06,2.68,54.53,53.42,66.97,0.0,0.81,5.86,57.7,22.63,0.61,0.74,12.16,1.63,3.69,262.55,97.57,577.2,9.26,75.71,22.44,69.38,3.58,4.0,,,60.79,0.75,2.7,12.84,213.34,212.59,84.71,3.18
2026-01-04 06:00:00,133.5,33.66,18.69,52.94,24.06,0.0,275.47,2.76,54.88,52.53,66.84,0.0,0.88,5.76,60.89,22.37,0.62,0.77,10.95,1.42,4.19,262.35,97.78,574.3,10.18,76.33,27.87,69.0,3.4,3.93,,,60.56,0.75,2.59,13.56,213.23,212.48,84.47,2.88
2026-01-04 07:00:00,133.31,34.06,18.81,53.47,24.0,0.0,273.85,2.53,54.57,52.94,66.68,0.0,0.81,5.66,55.82,22.25,0.61,0.88,13.24,1.01,4.12,263.51,95.84,581.84,7.55,75.91,44.7,68.5,3.21,3.82,,,60.84,0.75,2.78,12.97,215.26,214.51,82.98,2.85
2026-01-04 08:00:00,135.13,33.44,19.56,54.44,24.69,0.0,275.56,2.52,55.82,54.0,68.64,0.0,0.75,5.75,59.49,22.44,0.61,0.78,28.6,1.07,3.19,263.71,95.59,579.22,3.55,77.9,46.31,68.69,2.97,3.87,,,62.88,1.0,2.93,16.16,215.75,214.75,86.96,2.09
2026-01-04 09:00:00,139.37,33.74,19.62,54.03,43.12,0.0,277.87,2.47,56.3,54.57,69.43,0.0,0.81,7.5,57.27,23.56,0.6,1.13,33.19,1.3,2.5,268.99,99.85,581.9,3.49,78.39,44.25,70.18,2.52,5.13,,,61.28,3.56,3.32,29.59,217.55,213.99,87.54,1.54
2026-01-04 10:00:00,141.07,33.81,20.32,55.4,42.5,0.0,277.88,2.88,57.44,55.43,70.39,0.0,0.82,7.74,60.06,24.0,0.6,1.11,35.62,1.03,2.81,273.95,98.65,587.46,3.53,80.64,47.94,71.88,2.63,4.62,,,64.06,1.0,4.22,29.13,214.08,213.08,90.17,1.56
2026-01-04 11:00:00,142.37,33.47,20.81,55.5,42.0,0.0,278.56,2.71,57.53,55.45,70.66,0.0,0.81,8.67,60.7,24.94,0.6,1.12,36.93,1.02,2.75,280.52,99.07,592.88,3.51,81.05,42.25,71.25,2.54,4.19,,,64.16,0.75,3.84,24.53,219.92,219.17,89.5,1.53
2026-01-04 12:00:00,138.94,34.13,21.19,55.28,46.0,0.0,276.06,2.67,59.75,56.19,73.02,0.0,0.75,8.92,57.75,24.44,0.59,1.07,34.4,1.25,3.0,283.54,102.0,593.19,3.71,83.61,41.55,71.87,2.7,4.19,,,64.75,0.75,3.23,28.25,216.68,215.93,93.23,1.6
2026-01-04 13:00:00,148.69,33.84,21.87,56.19,45.31,0.0,281.6,3.24,60.17,57.58,74.77,0.0,0.81,9.26,64.27,24.06,0.6,1.12,35.38,1.05,2.94,288.8,101.25,601.65,3.54,85.28,43.57,74.19,3.03,4.0,,,65.62,0.75,4.14,37.75,218.7,217.95,91.7,2.16
2026-01-04 14:00:00,150.43,33.72,21.63,56.72,43.75,0.0,283.31,3.54,60.37,58.39,75.26,0.0,0.81,9.4,58.91,25.31,0.6,1.15,37.25,1.27,3.13,290.73,102.75,604.79,3.87,85.54,45.63,75.44,2.65,4.37,,,67.72,1.19,4.1,36.9,228.99,227.8,92.99,1.7
2026-01-04 15:00:00,152.75,33.7,21.24,55.53,41.32,0.0,284.56,3.43,59.58,61.09,73.93,0.0,0.82,8.64,59.83,26.69,0.6,1.06,34.07,1.12,2.81,291.12,105.81,608.16,4.31,84.25,44.24,76.0,2.91,5.63,,,67.09,3.62,3.91,36.0,230.39,226.77,88.6,1.52
2026-01-04 16:00:00,151.5,33.59,21.76,56.16,44.62,0.0,281.97,3.78,60.16,64.61,73.25,0.0,0.75,8.87,62.24,26.44,0.6,1.22,33.67,1.26,2.62,287.78,105.75,603.73,7.48,85.7,44.94,74.06,2.62,5.56,,,67.75,0.75,2.94,34.47,226.78,226.03,91.37,1.54
2026-01-04 17:00:00,147.75,35.12,22.76,56.06,44.25,0.0,280.06,3.84,62.19,62.09,70.57,0.0,0.81,8.86,57.41,25.94,0.59,1.26,16.8,1.49,2.82,281.35,105.34,605.3,9.05,88.79,42.25,74.31,2.94,4.31,,,66.66,0.75,2.65,15.22,230.71,229.96,91.21,1.56
2026-01-04 18:00:00,149.82,34.25,21.37,54.88,40.06,0.0,278.35,3.69,57.46,61.62,71.0,0.0,0.81,7.11,61.87,24.75,0.6,1.13,13.67,1.78,2.81,275.85,105.1,603.14,7.58,82.52,30.87,73.38,3.12,4.31,,,66.16,0.75,2.62,10.41,231.38,230.63,88.59,2.72
2026-01-04 19:00:00,154.12,34.13,21.13,55.28,38.0,0.0,274.9,3.04,56.25,60.78,70.93,0.0,0.75,6.54,56.79,24.5,0.6,1.16,13.9,2.54,2.75,278.17,105.15,591.95,7.68,80.42,24.76,73.06,3.27,4.5,,,64.68,1.25,2.47,10.37,223.76,222.51,89.01,4.92
2026-01-04 20:00:00,140.94,34.37,20.05,54.9,23.0,0.0,278.57,2.71,58.49,56.25,72.73,0.0,0.81,6.28,60.35,25.37,0.59,1.13,14.08,2.3,3.06,276.11,104.07,586.08,7.68,81.25,24.0,72.5,3.08,4.57,,,63.47,1.25,2.45,10.75,220.08,218.83,90.52,5.35
2026-01-04 21:00:00,137.37,34.5,19.19,53.82,22.25,0.0,280.25,2.75,55.88,59.71,70.19,0.0,0.82,6.28,56.91,25.06,0.6,1.01,13.86,2.0,3.19,275.4,104.15,583.65,7.46,77.82,23.93,72.5,3.11,4.5,,,62.91,0.75,2.25,10.5,218.93,218.18,89.31,5.33
2026-01-04 22:00:00,137.0,34.78,19.13,54.59,22.75,0.0,281.5,2.79,54.37,56.92,68.62,0.0,0.81,5.85,58.8,25.57,0.6,1.06,12.11,1.55,3.12,272.59,102.88,584.41,7.57,76.29,22.64,72.0,4.48,4.5,,,61.87,0.75,2.46,10.82,214.75,214.0,87.51,4.81
2026-01-04 23:00:00,135.32,34.56,19.07,54.22,23.19,0.0,277.37,2.78,56.46,52.57,68.62,0.0,0.81,5.68,57.94,24.75,0.61,0.97,9.51,0.99,3.19,272.36,105.09,578.14,8.08,78.31,22.86,70.44,4.22,4.31,,,60.69,3.19,2.41,12.12,215.56,212.37,88.72,4.19
2026-01-05 00:00:00,134.37,35.88,18.43,53.81,25.19,0.0,280.97,2.78,54.89,49.08,68.38,0.0,0.75,5.88,58.92,25.12,0.6,0.84,8.8,1.02,3.19,269.54,105.53,585.44,8.19,76.1,23.76,70.37,4.07,5.69,,,61.72,1.25,2.56,11.59,213.71,212.46,87.27,3.0
2026-01-05 01:00:00,133.38,34.78,18.13,54.16,25.37,0.0,282.12,2.75,53.78,49.18,67.57,0.0,0.88,5.98,58.5,25.56,0.61,0.98,9.38,1.09,3.19,270.26,102.03,582.11,8.84,74.66,23.99,70.13,4.53,5.18,,,62.19,1.12,2.53,11.38,212.13,211.01,89.32,2.4
2026-01-05 02:00:00,131.62,34.03,19.19,52.9,24.25,0.0,278.25,2.66,53.83,48.19,67.69,0.0,0.81,5.77,56.6,23.82,0.61,0.98,8.69,0.98,3.18,266.72,100.82,580.59,9.92,75.68,21.63,70.31,3.74,4.63,,,61.56,0.75,2.59,11.22,210.85,210.1,87.62,3.37
2026-01-05 03:00:00,131.63,35.34,18.55,53.38,23.88,0.0,276.38,2.55,53.04,48.67,68.55,0.0,0.81,5.73,59.99,23.12,0.61,0.98,8.85,0.99,3.38,267.31,101.03,576.75,9.03,74.14,23.0,70.0,2.96,4.19,,,61.38,0.75,2.7,11.97,210.28,209.53,86.04,3.33
2026-01-05 04:00:00,133.81,34.94,18.88,53.15,23.87,0.0,279.25,2.82,54.65,48.92,68.33,0.0,0.81,5.7,55.15,23.13,0.62,0.83,9.68,0.99,3.5,267.07,100.72,576.5,9.53,76.35,22.62,69.44,2.81,4.12,,,61.87,1.13,2.74,11.9,216.38,215.25,88.58,3.26
2026-01-05 05:00:00,132.75,35.03,18.44,52.6,22.94,0.0,276.19,2.53,54.54,48.01,66.6,0.0,0.82,5.81,62.02,22.93,0.61,0.93,11.73,1.29,3.81,267.78,99.06,576.24,9.68,75.51,23.69,68.31,2.61,4.13,,,60.66,1.25,2.78,11.91,208.62,207.37,84.36,3.19
2026-01-05 06:00:00,130.62,35.35,18.25,53.72,23.94,0.0,279.12,2.56,54.62,49.19,67.01,0.0,0.81,5.6,54.08,23.38,0.61,0.9,10.75,1.39,4.5,265.52,99.94,581.64,10.83,75.43,32.13,68.31,2.47,4.12,,,61.31,3.19,2.63,12.81,213.88,210.69,84.02,2.89
2026-01-05 07:00:00,134.63,35.28,19.32,52.97,23.31,0.0,284.35,2.47,55.05,49.54,66.42,0.0,0.81,5.69,61.24,23.69,0.6,0.88,12.37,1.02,4.56,270.02,98.93,582.36,6.48,76.84,54.12,68.07,2.75,4.13,,,66.41,0.75,2.66,10.94,213.79,213.04,84.96,2.66
2026-01-05 08:00:00,155.5,43.37,22.49,53.4,27.94,0.0,296.12,3.31,57.03,53.96,70.72,0.0,0.81,6.73,53.79,27.62,0.6,0.93,23.84,1.06,4.07,281.02,107.1,594.29,13.55,82.83,64.64,74.18,3.11,4.87,,,73.96,0.93,3.75,10.81,228.19,227.26,91.59,2.5
2026-01-05 09:00:00,172.75,48.56,23.45,54.53,28.87,0.0,310.13,4.2,59.42,55.7,73.16,0.0,0.75,7.2,62.58,31.75,0.6,1.07,27.16,1.01,3.31,300.22,115.81,612.84,7.84,87.07,63.42,84.57,4.84,6.5,,,74.47,4.25,3.8,10.44,239.27,235.02,96.75,2.9
2026-01-05 10:00:00,176.12,49.57,23.24,54.69,29.57,0.0,336.96,4.46,61.61,60.38,76.27,0.0,0.82,7.63,54.0,33.81,0.59,1.25,31.6,1.08,3.12,324.25,119.94,643.6,10.09,89.31,63.25,90.25,5.9,6.69,,,80.38,3.88,4.44,11.78,255.27,251.39,101.7,3.57
2026-01-05 11:00:00,175.57,49.47,23.06,57.97,32.31,0.0,343.82,4.6,58.99,63.37,77.92,0.0,0.81,8.35,77.56,35.5,0.59,1.11,34.98,1.4,3.19,331.6,125.03,670.47,8.15,86.65,65.26,95.5,7.76,7.06,,,83.87,3.5,4.88,13.66,267.53,264.03,100.93,3.47
2026-01-05 12:00:00,167.68,47.24,23.63,58.41,32.62,0.0,341.93,3.84,62.03,62.81,78.72,0.0,0.81,9.44,83.21,34.13,0.61,1.17,29.58,1.01,2.81,337.21,127.9,668.35,9.15,89.5,63.18,98.18,7.8,6.25,,,85.25,9.87,3.94,12.81,270.76,260.89,102.59,2.81
2026-01-05 13:00:00,172.0,48.29,23.56,58.34,34.69,0.0,341.85,4.19,64.97,63.42,81.61,0.0,0.75,11.31,80.73,35.69,0.6,1.31,36.26,1.28,3.0,344.68,158.29,688.05,7.73,92.72,64.88,100.69,7.79,6.0,,,83.22,9.82,4.03,10.22,274.6,264.78,106.04,3.31
2026-01-05 14:00:00,186.57,50.93,24.38,60.62,37.31,0.0,348.94,4.19,64.03,67.17,82.24,0.0,0.81,10.61,75.92,36.25,0.61,1.29,35.6,1.02,3.63,351.95,158.18,696.1,7.17,92.6,68.37,103.75,7.04,6.13,,,85.31,9.5,4.31,8.81,288.31,278.81,113.89,2.9
2026-01-05 15:00:00,188.31,51.64,27.06,51.97,36.19,0.0,351.96,4.56,64.1,67.72,82.54,0.0,0.82,11.98,78.68,36.18,0.6,1.06,31.94,1.04,3.31,356.65,137.22,698.54,10.69,95.72,67.94,103.44,7.46,6.43,,,84.16,15.81,3.88,8.88,294.16,278.35,117.08,3.88
2026-01-05 16:00:00,176.69,51.87,25.25,46.28,36.56,0.0,347.5,4.21,62.81,68.75,83.84,0.0,0.81,11.47,82.31,35.75,0.6,1.22,29.4,1.09,2.81,353.94,133.75,691.04,18.06,92.27,67.07,97.19,7.08,6.69,,,82.81,3.12,3.63,9.28,275.12,272.0,116.54,4.07
2026-01-05 17:00:00,165.87,48.22,23.81,46.5,34.19,0.0,328.57,3.75,63.97,70.35,76.93,0.0,0.75,10.13,81.6,33.69,0.59,1.26,30.64,1.18,3.13,343.63,127.41,676.21,9.55,91.53,65.48,92.81,6.13,5.75,,,77.72,1.13,3.81,10.37,268.85,267.72,106.47,5.15
2026-01-05 18:00:00,153.38,44.03,23.12,44.63,31.19,0.0,316.59,4.13,64.77,66.02,75.38,0.0,0.81,8.49,73.08,30.63,0.6,1.04,26.48,1.44,3.12,333.0,122.19,652.17,7.99,92.02,44.95,87.19,5.35,5.31,,,74.06,1.25,3.05,9.88,261.92,260.67,102.84,4.7
2026-01-05 19:00:00,146.18,41.47,22.63,43.56,26.62,0.0,307.75,4.56,57.85,65.28,73.68,0.0,0.81,7.47,79.61,29.81,0.6,1.29,26.66,1.22,2.82,319.77,118.62,642.97,7.54,85.04,42.06,82.62,4.88,5.32,,,70.66,1.19,2.78,9.72,260.23,259.04,94.94,4.97
2026-01-05 20:00:00,143.25,38.43,20.75,44.91,25.75,0.0,299.91,3.78,56.12,67.26,73.91,0.0,0.75,7.25,78.79,27.62,0.59,1.07,23.55,1.24,3.0,311.13,116.28,625.85,7.5,80.65,32.31,80.19,4.48,5.62,2.26,0.08,70.78,1.25,2.45,9.78,246.09,244.84,92.5,5.13
2026-01-05 21:00:00,141.07,37.73,20.82,43.81,24.94,0.0,298.18,3.38,54.88,71.54,70.61,0.0,0.82,7.05,81.68,27.07,0.6,1.15,21.86,1.15,3.12,299.82,115.06,615.46,7.44,79.08,24.57,77.37,4.08,4.63,2.43,0.07,65.69,1.0,2.37,9.93,239.38,238.38,93.3,4.78
2026-01-05 22:00:00,138.56,38.39,20.81,42.59,22.81,0.0,294.94,3.15,55.04,65.98,69.01,0.0,0.81,,80.57,26.18,0.59,1.06,14.64,1.07,3.19,287.65,111.29,601.34,7.28,79.0,23.56,73.44,3.68,4.5,3.07,0.07,66.12,0.75,2.44,9.88,228.25,227.5,93.3,4.7
2026-01-05 23:00:00,135.06,37.16,20.37,42.69,22.82,0.0,294.66,3.32,55.09,61.76,70.8,0.0,0.81,,79.8,25.32,0.59,1.18,11.38,0.87,3.12,276.26,109.25,599.62,8.85,78.78,22.75,72.44,3.64,4.5,2.56,0.09,65.19,1.31,2.34,10.5,227.36,226.05,91.2,3.53
2026-01-06 00:00:00,134.69,37.01,19.37,43.22,21.87,0.0,290.81,3.0,54.93,54.98,70.5,0.0,0.75,,79.33,24.68,0.61,1.05,8.77,0.82,3.19,271.9,106.28,597.64,8.19,77.3,22.07,71.56,3.31,4.62,2.12,0.09,63.41,3.44,2.66,10.59,227.7,224.26,92.28,1.91
2026-01-06 01:00:00,134.0,36.74,19.38,42.19,23.63,0.0,290.25,2.72,54.4,54.94,68.97,0.0,0.81,,85.54,23.88,0.6,1.06,8.86,0.84,3.19,269.97,104.97,581.82,8.5,76.5,21.87,70.5,3.42,4.31,2.25,0.09,63.37,0.81,2.5,10.88,226.71,225.9,92.22,2.04
2026-01-06 02:00:00,131.87,36.41,18.75,42.9,23.87,0.0,284.78,2.65,54.1,52.08,69.09,0.0,0.82,,77.94,22.75,0.61,1.12,8.64,0.79,3.19,269.78,105.59,579.46,9.25,75.5,21.75,70.38,4.27,3.94,2.13,0.1,64.0,0.81,2.56,10.72,223.48,222.67,91.25,1.94
2026-01-06 03:00:00,131.94,36.56,18.44,42.44,23.13,0.0,287.66,2.6,54.53,52.55,69.42,0.0,0.81,,73.48,23.06,0.61,1.02,8.66,0.8,3.31,268.39,103.41,578.69,8.63,75.57,22.25,69.81,3.79,4.0,2.13,0.1,64.35,1.25,2.91,10.72,223.47,222.22,88.95,1.93
2026-01-06 04:00:00,131.44,34.63,18.87,41.47,23.5,0.0,286.53,2.66,54.26,51.37,69.54,0.0,0.81,,75.44,22.81,0.61,1.15,9.63,0.8,3.56,269.5,104.15,582.06,9.14,75.79,22.0,70.44,2.93,4.06,2.18,0.04,62.31,1.19,2.68,10.65,221.57,220.38,92.4,1.9
2026-01-06 05:00:00,131.0,35.4,18.81,42.81,22.87,0.0,284.47,2.62,54.82,52.59,68.35,0.0,0.88,,70.22,23.0,0.61,1.01,11.75,0.8,3.81,267.52,101.88,587.46,9.43,76.25,35.12,70.12,2.9,4.07,2.13,0.01,62.28,0.81,2.73,10.5,220.58,219.77,88.31,2.02
2026-01-06 06:00:00,130.81,33.94,19.19,42.25,23.5,0.0,285.78,2.5,55.53,51.61,68.12,0.0,0.75,,73.7,22.94,0.6,1.07,11.15,1.01,4.44,266.69,100.78,580.23,8.6,77.22,31.07,69.81,2.54,4.0,2.06,0.03,64.59,0.75,2.71,10.53,220.44,219.69,89.57,1.73
2026-01-06 07:00:00,138.69,34.34,19.38,41.16,23.88,0.0,292.34,2.41,55.85,53.49,67.38,0.0,0.81,,74.52,23.88,0.6,1.07,12.31,0.9,4.25,269.8,102.47,580.76,9.98,77.64,57.55,69.94,2.71,4.31,2.44,0.04,66.35,3.25,2.69,10.53,226.15,222.9,88.19,1.41
2026-01-06 08:00:00,161.81,42.94,21.19,41.47,26.25,0.0,300.82,2.84,56.05,55.11,69.74,0.0,0.81,,68.97,29.12,0.59,0.87,21.5,1.0,4.56,286.4,105.09,595.02,20.49,80.08,61.76,76.0,2.89,5.56,4.55,0.06,70.65,77.63,3.35,9.88,312.73,235.1,92.57,1.93
2026-01-06 09:00:00,176.56,51.35,22.99,43.34,28.68,0.0,317.78,5.19,59.25,64.87,71.34,0.0,0.75,,76.64,31.5,0.59,1.62,25.71,0.95,4.57,304.92,113.28,618.52,18.37,87.43,64.12,85.63,4.69,7.06,7.25,0.06,76.69,153.93,2.93,10.41,400.14,246.21,101.63,1.97
2026-01-06 10:00:00,182.25,51.66,22.32,42.38,31.57,0.0,329.81,4.97,61.5,63.46,76.14,0.0,0.81,,69.87,33.13,0.59,1.8,26.35,0.93,5.81,335.48,128.47,642.01,17.4,88.79,62.5,97.0,4.72,7.19,7.0,0.06,82.94,152.19,3.28,10.03,400.86,248.67,106.04,2.48
2026-01-06 11:00:00,186.5,55.74,22.75,42.9,33.37,0.0,334.16,5.19,60.83,66.5,74.15,0.0,0.75,,71.21,36.25,0.59,1.7,28.01,1.13,4.56,341.39,129.81,657.66,16.97,88.77,63.63,101.81,5.18,8.06,6.57,0.21,86.84,150.88,2.94,10.0,404.68,253.8,111.13,2.87
2026-01-06 12:00:00,188.75,56.03,23.5,43.78,34.0,0.0,337.0,4.31,64.8,69.05,76.08,0.0,0.82,,77.06,35.68,0.6,1.86,27.25,0.92,4.38,338.51,130.57,662.93,19.22,92.61,62.31,98.94,5.64,7.07,7.31,0.04,82.0,151.06,2.84,10.22,404.74,253.68,113.67,3.34
2026-01-06 13:00:00,200.38,52.78,23.81,43.41,33.38,0.0,339.18,4.84,63.07,67.2,77.45,0.0,0.81,,70.18,37.5,0.58,1.84,28.46,0.99,4.37,348.86,133.78,667.89,20.32,91.72,63.88,100.0,7.76,8.56,7.13,0.09,81.6,151.44,2.88,9.68,417.33,265.89,116.8,2.82
2026-01-06 14:00:00,202.5,54.25,24.7,55.97,36.93,0.0,354.69,4.75,62.63,72.67,76.12,0.0,0.75,,75.66,38.82,0.6,1.67,26.6,0.91,4.69,360.13,135.06,688.43,20.94,92.08,66.12,107.56,7.39,8.44,7.37,0.07,84.65,151.18,2.91,9.53,416.78,265.6,119.41,4.31
2026-01-06 15:00:00,197.75,52.47,24.75,58.28,44.32,0.0,357.75,4.4,63.36,79.43,77.93,0.0,0.81,,72.64,40.62,0.58,1.83,27.65,0.96,4.44,360.77,137.34,691.12,20.47,92.51,66.37,109.5,6.35,9.31,7.63,0.05,83.91,152.82,3.25,9.35,421.31,268.49,120.95,5.37
2026-01-06 16:00:00,198.44,52.78,24.48,57.25,42.87,0.0,350.78,4.28,60.9,74.35,76.41,0.0,0.75,,71.43,39.81,0.6,1.63,29.03,1.24,3.81,352.29,134.32,677.94,20.9,89.66,67.26,109.44,5.73,9.31,7.56,0.06,80.44,117.75,2.93,9.34,388.25,270.5,118.9,5.03
2026-01-06 17:00:00,181.25,47.94,23.06,57.75,35.63,0.0,341.13,3.82,63.18,71.25,72.26,0.0,0.81,,78.64,34.44,0.59,1.63,29.43,1.1,3.81,336.47,124.81,650.82,9.72,90.06,62.63,100.56,5.08,7.0,4.69,0.08,79.75,1.0,2.79,9.63,274.53,273.53,110.34,4.75
2026-01-06 18:00:00,157.93,39.07,23.88,58.53,33.81,0.0,324.81,4.0,62.06,66.1,69.67,0.0,0.82,,66.41,31.06,0.59,0.81,30.8,1.11,3.5,324.47,118.25,623.13,7.61,89.94,45.05,85.25,4.37,5.81,4.31,0.05,75.62,0.75,2.34,9.9,261.04,260.29,105.2,5.11
2026-01-06 19:00:00,159.88,37.24,22.31,57.5,31.25,0.0,309.28,3.75,57.69,61.05,70.89,0.0,0.75,,77.87,28.44,0.6,0.93,27.9,1.2,3.13,312.84,115.94,613.73,7.52,83.75,41.88,81.19,4.34,5.57,4.25,0.08,69.63,2.68,2.0,9.82,256.95,254.27,100.67,4.51
2026-01-06 20:00:00,157.94,37.07,20.94,57.44,29.56,0.0,300.81,2.96,55.09,60.2,69.06,0.0,0.81,,68.87,28.75,0.58,0.83,24.07,1.2,3.12,303.89,116.37,612.99,7.17,78.99,32.06,78.12,4.1,5.25,3.31,0.08,67.5,2.0,1.9,9.9,253.34,251.34,100.04,4.09
2026-01-06 21:00:00,155.75,37.37,21.31,56.47,28.0,0.0,293.6,2.69,53.95,58.72,65.92,0.0,0.75,,72.33,27.5,0.59,0.9,22.69,1.19,3.13,293.81,113.38,597.68,7.4,77.95,22.68,76.75,3.69,4.62,2.38,0.08,67.59,0.94,1.75,10.1,248.52,247.58,99.98,4.19
2026-01-06 22:00:00,151.93,36.56,19.31,56.65,26.19,0.0,295.03,3.5,53.91,56.83,64.44,0.0,0.81,,73.84,25.75,0.59,0.77,12.97,0.96,3.12,284.36,108.21,587.4,7.2,76.72,22.26,77.31,3.48,4.63,2.38,0.08,65.38,0.75,1.94,9.87,239.31,238.56,96.63,3.74
2026-01-06 23:00:00,145.75,36.19,18.81,56.16,26.06,0.0,290.0,3.13,54.05,56.47,64.97,0.0,0.81,,69.35,25.13,0.61,0.99,9.28,0.86,3.13,275.11,105.6,587.67,7.45,75.99,22.42,74.44,3.28,4.5,2.31,0.09,62.65,0.81,1.85,10.47,226.11,225.3,96.18,2.41
2026-01-07 00:00:00,142.25,37.82,18.44,56.97,24.0,0.0,288.15,2.84,53.66,55.01,66.08,0.0,0.75,,77.32,24.43,0.6,0.79,8.89,0.83,3.12,270.58,104.78,578.14,7.82,74.94,21.33,72.56,3.13,4.31,2.44,0.09,62.66,1.19,2.12,10.59,223.45,222.26,96.26,3.49
2026-01-07 01:00:00,142.19,37.06,18.38,56.84,24.31,0.0,291.75,2.72,53.8,55.64,65.52,0.0,0.82,,49.78,24.19,0.6,0.85,8.83,0.83,3.19,269.32,102.94,576.51,8.16,74.9,20.93,72.5,3.29,4.25,2.24,0.09,63.19,1.25,2.06,10.5,224.03,222.78,94.27,3.29
2026-01-07 02:00:00,142.31,35.37,18.5,56.16,24.0,0.0,284.91,2.91,54.55,55.91,64.1,0.0,0.81,,56.96,24.25,0.61,0.73,8.8,0.83,3.12,268.4,101.93,582.08,9.2,75.96,21.32,71.69,3.99,4.31,2.31,0.1,63.21,3.19,2.12,10.38,224.28,221.09,96.52,3.33
2026-01-07 03:00:00,142.19,35.75,18.94,56.72,23.44,0.0,282.97,2.66,53.47,54.48,65.3,0.0,0.81,,54.7,23.81,0.6,0.76,9.29,0.84,3.38,269.76,102.44,574.47,8.75,75.07,21.38,71.69,4.51,4.38,2.38,0.08,63.47,0.75,2.22,10.12,217.18,216.43,95.05,2.89
2026-01-07 04:00:00,142.81,35.19,18.56,56.28,23.88,0.0,286.91,2.68,52.91,54.08,66.07,0.0,0.81,,52.9,23.44,0.61,0.9,9.56,0.9,3.5,268.4,103.35,573.31,9.3,74.15,21.68,71.62,3.52,4.31,2.31,0.01,63.35,0.75,2.32,10.75,218.91,218.16,95.95,1.81
2026-01-07 05:00:00,143.44,34.81,18.44,56.75,22.68,0.0,284.03,2.79,53.27,53.62,64.9,0.0,0.82,,59.54,23.5,0.61,0.66,12.0,0.82,3.75,267.01,102.06,573.05,9.4,74.5,23.62,71.07,3.04,4.37,2.25,0.0,62.65,0.75,2.28,11.07,220.27,219.52,92.48,1.86
2026-01-07 06:00:00,143.75,33.94,18.31,56.5,23.82,0.0,282.43,2.52,54.25,53.16,65.51,0.0,0.81,,48.9,23.19,0.61,0.8,10.55,0.83,4.56,266.99,101.09,569.33,9.02,75.08,28.88,71.56,2.93,4.19,2.37,0.04,63.72,0.75,2.13,10.65,216.46,215.71,95.03,1.55
2026-01-07 07:00:00,148.0,34.94,18.25,56.0,22.93,0.0,289.38,2.41,54.25,54.1,66.1,0.0,0.81,,59.94,24.25,0.59,0.65,12.92,0.89,4.31,268.65,102.06,574.37,10.48,74.91,54.19,71.81,3.21,4.19,2.57,0.03,65.06,0.75,2.18,10.56,221.22,220.47,88.61,1.2
2026-01-07 08:00:00,162.13,42.47,21.08,55.84,25.82,0.0,299.81,2.65,55.45,57.65,67.75,0.0,0.75,,53.08,30.0,0.59,0.73,23.21,0.85,4.69,283.95,110.82,593.52,18.72,79.18,64.19,77.38,3.77,6.87,4.25,0.03,69.22,98.5,2.91,10.82,329.17,230.67,93.0,1.28
2026-01-07 09:00:00,176.75,47.84,23.3,57.25,29.5,0.0,325.03,3.5,57.44,61.27,68.43,0.0,0.81,,55.77,33.25,0.59,0.65,26.8,0.9,4.81,303.58,116.43,608.99,15.73,84.24,44.0,85.81,5.25,8.0,6.62,0.02,76.75,151.81,4.71,10.06,393.61,241.8,104.88,1.49
2026-01-07 10:00:00,195.06,51.68,22.58,57.69,31.62,0.0,340.32,3.97,57.75,62.78,71.0,0.0,0.75,,51.46,34.37,0.59,1.52,27.36,1.16,5.07,334.25,118.41,636.86,9.28,84.3,42.49,98.44,7.51,7.88,6.88,0.03,80.13,154.56,4.75,10.47,408.28,253.72,111.25,2.12
2026-01-07 11:00:00,203.19,53.07,23.3,57.56,33.25,0.0,343.87,4.42,57.88,71.19,71.54,0.0,0.82,,39.56,34.57,0.59,1.57,31.57,0.93,4.5,341.73,120.38,642.73,12.96,85.6,45.0,101.31,8.73,8.19,6.31,0.05,84.75,149.25,5.13,10.28,417.17,267.92,112.06,2.51
2026-01-07 12:00:00,201.18,52.28,23.82,60.6,35.06,0.0,348.84,4.71,58.79,73.21,72.83,0.0,0.81,,41.21,33.75,0.6,1.43,27.72,0.94,4.31,337.8,121.03,648.56,12.92,87.32,44.5,97.19,8.61,6.93,5.82,0.04,83.06,152.44,5.57,10.06,415.79,263.35,115.23,3.04
2026-01-07 13:00:00,208.13,52.22,23.56,57.84,35.94,0.0,346.13,4.44,59.65,70.03,73.13,0.0,0.75,,40.66,35.25,0.6,1.45,28.75,0.93,4.12,342.08,124.09,647.0,12.06,87.65,44.94,93.56,9.25,6.75,6.5,0.04,80.94,152.44,5.34,9.41,424.3,271.86,116.25,3.39
2026-01-07 14:00:00,215.0,51.03,23.06,58.28,37.5,0.0,348.62,5.09,60.04,73.67,72.94,0.0,0.81,,39.81,35.62,0.69,1.53,31.05,0.89,4.69,348.76,126.66,656.05,19.33,88.19,46.01,98.5,11.63,7.13,6.25,0.02,82.94,152.62,5.03,9.28,427.87,275.25,116.18,5.25
2026-01-07 15:00:00,201.37,50.85,24.59,58.35,38.0,0.0,358.63,4.82,62.5,74.09,73.67,0.0,0.81,,40.85,36.94,0.59,1.74,34.86,0.95,4.5,356.3,130.0,663.33,28.96,91.91,46.24,98.62,10.26,7.44,6.5,0.03,82.06,149.32,4.44,9.03,423.32,274.0,124.73,4.45
2026-01-07 16:00:00,190.69,52.09,25.26,58.56,40.5,0.0,352.19,4.59,63.93,69.78,73.61,0.0,0.75,,40.06,36.75,0.59,1.5,31.03,0.93,3.88,348.72,128.87,661.57,20.15,93.78,45.88,98.0,10.18,7.75,6.56,0.03,82.0,112.43,3.84,9.16,380.18,267.75,123.24,5.27
2026-01-07 17:00:00,176.75,48.5,23.37,58.31,36.63,0.0,344.37,3.47,62.08,73.67,70.57,0.0,0.82,,40.7,35.19,0.59,1.61,40.41,1.15,3.81,340.8,120.56,636.26,9.91,88.92,42.24,96.07,7.96,5.81,4.5,0.08,77.69,1.19,3.85,9.5,264.82,263.63,113.09,4.47
2026-01-07 18:00:00,161.25,40.78,22.75,58.63,32.87,0.0,328.19,3.27,65.94,63.43,71.49,0.0,0.75,,39.32,31.81,0.6,0.61,36.93,1.92,3.56,320.32,113.32,613.32,7.68,91.96,47.69,90.75,5.96,6.0,3.31,0.08,75.31,0.88,3.68,9.4,261.72,260.84,104.35,3.02
2026-01-07 19:00:00,165.94,38.88,21.56,58.09,30.56,0.0,310.22,3.48,63.59,62.39,73.09,0.0,0.81,,40.25,29.25,0.59,0.78,35.17,1.5,3.25,311.96,116.0,603.0,7.55,88.63,41.07,84.81,4.49,5.87,2.25,0.08,71.5,3.18,3.22,9.38,254.95,251.77,104.19,3.72
2026-01-07 20:00:00,163.69,38.99,19.31,58.66,28.25,0.0,310.15,3.18,59.77,59.64,71.2,0.0,0.81,,39.55,27.44,0.59,0.8,31.64,1.49,3.19,305.42,113.06,591.44,7.33,82.26,31.63,79.62,3.72,5.13,2.31,0.07,68.94,0.75,3.06,9.78,243.95,243.2,99.15,3.77
2026-01-07 21:00:00,156.75,38.82,18.88,58.06,26.69,0.0,300.66,2.63,58.57,59.41,66.33,0.0,0.75,,39.82,25.56,0.59,0.75,29.27,1.24,3.12,298.53,110.16,588.2,7.24,80.08,23.87,76.44,3.86,4.5,2.25,0.08,66.43,0.69,2.94,9.81,236.48,235.79,99.98,4.44
2026-01-07 22:00:00,141.5,37.41,18.44,58.15,25.56,0.0,298.09,2.81,59.33,57.5,64.59,0.0,0.81,,40.22,26.19,0.6,0.73,16.08,1.03,3.13,288.47,105.09,574.79,7.21,80.58,22.81,73.06,3.54,4.44,2.31,0.07,67.44,0.75,3.0,10.0,231.37,230.62,98.72,4.19
2026-01-07 23:00:00,136.93,35.97,17.93,56.91,25.82,0.0,293.75,2.72,57.75,55.15,66.99,0.0,0.82,,40.23,26.5,0.59,0.75,10.64,1.87,3.19,279.78,103.12,565.95,8.78,78.4,22.5,68.32,,4.43,2.38,0.08,66.06,1.06,3.0,10.38,231.19,230.13,98.66,3.65
2026-01-08 00:00:00,136.75,37.21,17.5,56.97,26.0,0.0,288.35,2.97,55.98,54.53,67.74,0.0,0.81,,40.19,27.37,0.6,0.68,9.67,1.95,3.18,280.62,104.41,568.41,8.2,76.45,22.31,67.43,,6.07,2.37,0.1,66.25,1.19,2.97,10.5,227.28,226.09,100.42,3.56
2026-01-08 01:00:00,136.25,34.85,17.32,56.5,26.75,0.0,287.72,2.75,56.26,55.62,65.1,0.0,0.81,,41.06,26.44,0.61,0.79,9.27,1.93,3.19,275.97,103.88,567.11,8.26,76.33,21.8,67.44,,5.06,2.38,0.1,65.44,3.5,2.94,10.47,230.81,227.31,97.43,3.61
2026-01-08 02:00:00,133.88,34.5,17.56,56.03,27.25,0.0,285.22,2.59,56.55,54.1,64.95,0.0,0.81,,40.61,24.94,0.61,0.59,9.07,1.91,3.19,273.28,102.25,563.78,9.47,76.7,21.94,67.25,,4.56,2.37,0.1,66.19,0.75,3.02,10.78,221.72,220.97,99.62,2.93
2026-01-08 03:00:00,133.75,33.65,17.18,57.44,26.12,0.0,284.93,2.57,56.24,52.54,66.41,0.0,0.82,,41.06,24.06,0.61,0.72,8.96,1.92,3.31,273.26,100.46,564.05,8.73,75.99,22.63,67.63,,4.13,2.26,0.05,63.69,0.75,3.16,10.56,222.93,222.18,98.84,2.03
2026-01-08 04:00:00,132.25,34.04,17.83,56.84,25.75,0.0,282.22,2.56,56.88,52.06,68.19,0.0,0.81,,41.17,24.31,0.61,0.64,9.68,1.9,3.5,272.39,98.79,567.18,9.6,77.27,22.44,66.0,,4.18,2.31,0.0,62.93,0.81,3.19,10.59,222.37,221.56,98.49,2.05
2026-01-08 05:00:00,132.44,34.47,17.13,56.94,26.13,0.0,286.1,2.56,56.29,51.75,65.22,0.0,0.81,,41.05,24.13,0.61,0.71,12.23,1.94,3.81,271.47,99.06,563.04,9.84,75.98,23.13,66.25,,4.13,2.31,0.01,63.44,0.88,3.13,10.91,223.18,222.3,97.44,2.03
2026-01-08 06:00:00,132.25,34.81,17.13,57.22,25.43,0.0,289.12,2.56,56.97,52.08,65.74,0.0,0.81,,40.45,24.0,0.61,0.71,11.22,2.18,4.5,270.47,100.25,560.32,8.94,76.66,30.7,66.18,,4.06,2.25,0.04,65.56,1.19,3.25,10.03,223.29,222.1,96.79,1.6
2026-01-08 07:00:00,137.25,34.03,17.31,57.5,26.5,0.0,291.66,2.35,57.62,52.39,67.17,0.0,0.82,,41.51,24.31,0.59,0.77,13.64,1.97,4.44,271.31,99.25,567.16,10.64,77.28,52.73,66.57,,4.06,2.75,0.05,67.13,1.12,3.34,10.25,225.93,224.81,97.02,1.45
2026-01-08 08:00:00,152.06,43.65,19.82,56.31,28.44,0.0,307.97,3.53,58.67,55.15,70.09,0.0,0.75,,40.37,29.0,0.59,0.72,22.79,2.09,4.38,281.13,106.47,576.52,21.61,82.02,65.25,71.31,,5.69,4.19,0.09,70.06,3.19,3.78,11.06,242.25,239.06,105.34,1.35
2026-01-08 09:00:00,162.06,49.94,21.68,56.75,29.5,0.0,332.43,4.6,59.98,59.4,70.59,0.0,0.81,,41.16,32.56,0.6,0.71,25.76,2.42,4.56,298.56,113.56,586.1,22.9,86.26,71.37,82.31,,8.13,6.63,0.07,75.25,0.75,4.82,9.72,257.22,256.47,113.7,1.35
2026-01-08 10:00:00,172.38,49.56,21.75,58.78,31.81,0.0,355.1,4.74,61.05,70.64,73.42,0.0,0.81,,40.67,34.0,0.59,0.72,27.5,2.3,5.5,316.23,122.62,621.09,19.06,87.54,70.77,90.88,,8.06,6.06,0.05,80.44,0.75,5.4,10.06,261.74,260.99,118.05,2.17
2026-01-08 11:00:00,173.56,50.5,21.12,60.13,34.57,0.0,360.15,5.5,69.03,66.78,72.76,0.0,0.75,,40.6,34.75,0.59,0.72,29.13,2.1,4.62,324.5,123.63,639.7,13.66,95.65,67.12,99.81,,10.25,6.62,0.05,80.62,0.75,5.19,9.69,266.18,265.43,121.3,2.41
2026-01-08 12:00:00,176.62,52.32,21.44,60.25,35.87,0.0,359.41,4.47,66.95,68.68,74.18,0.0,0.81,,41.0,36.06,0.6,0.83,27.23,2.17,4.19,328.11,126.59,637.63,13.54,92.86,63.82,102.31,,8.31,6.43,0.05,80.38,0.75,4.15,9.38,267.7,266.95,119.76,2.96
2026-01-08 13:00:00,175.13,51.65,21.37,59.47,36.63,0.0,359.56,4.47,63.24,69.59,74.48,0.0,0.82,,41.64,36.44,0.59,1.51,34.95,2.24,4.13,334.44,129.28,640.25,11.27,89.08,63.62,107.38,,8.44,6.88,0.07,83.12,0.75,4.63,9.62,279.85,279.1,120.51,2.7
2026-01-08 14:00:00,179.37,53.0,21.83,61.65,36.56,0.0,365.75,4.81,63.45,74.47,75.78,0.0,0.75,,39.95,38.25,0.6,1.67,34.88,2.33,4.68,343.54,133.13,660.9,14.51,90.09,65.49,109.5,,8.5,7.25,0.06,82.63,3.06,4.56,10.22,276.27,273.21,119.67,3.88
2026-01-08 15:00:00,178.19,52.15,22.67,60.53,36.94,0.0,368.13,4.31,64.14,70.2,76.48,0.0,0.81,,41.97,39.69,0.59,1.69,35.26,1.91,4.5,345.8,130.25,654.54,16.97,91.12,65.27,109.81,,7.37,6.87,0.06,79.5,0.75,4.16,10.78,274.01,273.26,124.57,4.01
2026-01-08 16:00:00,174.25,51.32,22.94,60.72,37.68,0.0,364.09,4.23,64.37,70.9,76.58,0.0,0.81,,40.62,38.62,0.59,1.62,32.8,1.92,3.88,340.67,129.75,647.76,15.48,91.54,64.68,106.94,,7.63,6.57,0.03,78.62,0.75,3.28,8.53,273.34,272.59,122.36,3.51
2026-01-08 17:00:00,168.88,43.25,21.75,57.88,38.94,0.0,354.75,3.62,64.68,72.42,74.68,0.0,0.75,,41.32,30.0,0.6,1.31,32.11,1.89,3.94,333.23,127.72,632.92,9.35,90.05,61.49,102.37,,6.87,5.5,0.09,75.19,0.75,3.19,9.38,274.88,274.13,116.39,4.18
2026-01-08 18:00:00,158.18,39.47,21.42,58.37,34.06,0.0,329.38,3.75,65.41,64.17,71.93,0.0,0.81,,39.44,27.82,0.59,0.72,33.93,2.31,3.62,325.27,119.75,616.77,7.95,90.58,30.25,91.44,,5.38,3.25,0.09,73.25,0.75,2.99,10.09,259.96,259.21,103.25,4.64
2026-01-08 19:00:00,151.69,36.53,20.88,58.35,30.0,0.0,315.62,3.99,63.26,60.04,69.88,0.0,0.82,,41.39,26.18,0.6,0.69,31.52,1.98,3.13,316.02,114.87,604.87,7.92,88.13,25.2,82.19,,5.94,2.37,0.09,68.25,0.75,2.51,10.41,251.65,250.9,100.31,5.16
2026-01-08 20:00:00,145.06,36.22,19.13,58.5,28.38,0.0,311.5,3.29,59.58,59.15,69.45,0.0,0.81,,40.18,26.82,0.6,0.66,29.32,1.94,3.25,308.74,114.16,585.56,8.07,82.0,23.73,77.93,,5.62,2.32,0.08,66.75,0.75,2.53,10.09,243.43,242.68,99.99,5.16
2026-01-08 21:00:00,145.13,35.0,18.32,57.06,27.75,0.0,298.44,3.37,58.94,58.89,64.47,0.0,0.81,,40.68,26.43,0.59,0.59,25.63,1.92,3.31,285.96,113.53,575.93,7.69,80.63,23.01,77.25,,5.38,2.69,0.08,65.81,3.0,2.43,9.88,235.04,232.04,100.87,4.78
2026-01-08 22:00:00,143.56,34.68,17.8,56.78,25.69,0.0,290.84,3.1,57.6,57.23,65.35,0.0,0.75,,39.8,25.5,0.59,0.72,15.6,1.92,3.31,277.5,111.5,562.8,7.53,78.5,22.75,76.69,,4.56,3.0,0.08,65.44,0.75,2.35,9.87,230.97,230.22,99.31,4.79
2026-01-08 23:00:00,136.25,33.6,17.51,56.41,24.93,0.0,285.13,2.78,55.45,55.33,65.93,0.0,0.81,,39.51,23.88,0.6,0.58,11.84,1.8,3.19,269.78,108.69,565.71,7.42,75.74,21.69,75.06,,4.37,2.87,0.09,63.06,0.75,2.31,10.35,223.96,223.21,93.78,4.41
2026-01-09 00:00:00,135.94,34.19,17.03,55.71,24.25,0.0,281.81,2.78,55.34,54.27,66.0,0.0,0.82,,38.65,23.5,0.6,0.61,11.31,1.74,3.12,268.03,105.03,551.69,7.58,75.15,21.31,73.82,,4.32,2.32,0.06,62.63,0.75,2.34,10.71,222.3,221.55,93.82,4.16
2026-01-09 01:00:00,136.5,34.06,16.87,56.29,23.88,0.0,285.97,2.72,54.65,53.45,64.53,0.0,0.81,,40.19,23.5,0.59,0.55,11.04,1.73,3.13,265.91,100.31,551.65,7.78,74.24,21.01,71.12,,4.56,2.43,0.09,62.5,0.75,2.35,10.35,221.45,220.7,93.87,3.41
2026-01-09 02:00:00,133.06,33.81,16.8,56.78,24.75,0.0,281.47,2.6,55.04,52.61,66.13,0.0,0.81,,39.56,23.31,0.61,0.62,10.72,1.73,3.19,265.24,99.72,550.36,8.79,74.44,21.24,69.94,,4.5,2.32,0.09,62.56,0.81,2.21,10.31,219.36,218.55,94.97,2.36
2026-01-09 03:00:00,133.56,34.84,16.5,55.4,23.37,0.0,279.22,2.62,54.98,52.89,65.4,0.0,0.81,,40.9,22.81,0.6,0.51,10.84,1.73,3.25,264.51,98.53,549.58,8.58,74.1,21.76,68.69,,4.62,2.37,0.09,60.94,0.75,2.51,10.34,217.18,216.43,94.91,2.05
2026-01-09 04:00:00,133.38,33.92,16.76,56.07,23.88,0.0,275.93,2.59,54.65,52.11,66.02,0.0,0.82,,40.41,23.38,0.61,0.6,11.72,1.75,3.5,263.23,98.94,549.64,8.92,74.0,21.49,69.06,,4.44,2.31,0.01,62.25,3.07,2.43,10.88,219.26,216.19,95.79,1.93
2026-01-09 05:00:00,133.87,33.43,16.62,56.84,23.25,0.0,281.03,2.56,55.57,52.31,64.0,0.0,0.81,,40.58,22.5,0.6,0.47,13.89,1.77,3.75,262.6,98.44,551.52,8.96,74.75,22.69,69.37,,4.13,2.25,0.01,61.0,0.93,2.51,10.84,220.66,219.73,94.13,2.0
2026-01-09 06:00:00,134.25,32.84,16.62,55.75,22.94,0.0,278.57,2.48,55.85,51.35,64.0,0.0,0.81,,40.75,22.94,0.6,0.54,12.61,1.66,4.5,260.38,99.72,547.77,9.35,74.95,29.43,68.63,,4.18,2.25,0.05,62.75,1.19,2.62,10.72,216.77,215.58,93.53,1.64
2026-01-09 07:00:00,137.82,33.75,17.39,56.75,23.87,0.0,284.59,2.53,55.89,51.98,65.75,0.0,0.75,,39.59,23.5,0.59,0.46,15.22,1.77,4.43,263.79,99.75,549.46,6.7,75.81,52.44,69.19,,4.07,2.56,0.03,64.37,1.06,2.93,10.28,221.88,220.82,96.31,1.38
2026-01-09 08:00:00,151.62,44.47,19.56,56.81,26.0,0.0,303.25,2.47,57.0,55.07,68.3,0.0,0.81,,39.56,30.31,0.6,0.62,29.16,1.79,4.44,273.47,108.93,567.32,29.68,79.03,62.37,75.0,,5.87,4.56,0.03,68.94,0.75,3.29,10.38,240.39,239.64,100.58,1.58
2026-01-09 09:00:00,158.44,49.31,20.68,56.66,30.63,0.0,317.47,3.8,60.05,59.31,70.18,0.0,0.82,,40.9,31.56,0.6,0.69,33.14,2.04,3.56,287.71,115.82,592.8,28.98,84.53,63.26,83.68,,5.63,6.57,0.03,75.69,0.75,4.06,11.37,256.45,255.7,111.0,1.63
2026-01-09 10:00:00,163.31,48.22,20.81,57.31,33.06,0.0,331.97,3.88,64.83,62.3,,0.0,0.81,,40.57,36.44,0.6,0.62,33.94,1.88,3.63,302.22,128.46,614.0,30.62,89.52,66.25,91.25,,5.87,6.18,0.07,77.62,0.75,4.81,10.91,262.82,262.07,,2.26
2026-01-09 11:00:00,167.31,49.0,21.51,59.69,34.19,0.0,337.53,4.07,65.13,66.51,,0.0,0.75,,42.02,39.81,0.59,0.49,35.16,1.76,3.0,311.97,115.07,639.09,26.8,90.71,66.5,92.69,,5.0,7.07,0.06,80.44,3.0,4.69,9.97,272.24,269.24,,2.92
2026-01-09 12:00:00,176.44,49.6,22.47,59.09,34.56,0.0,339.91,4.03,63.39,70.67,,0.0,0.81,,42.07,37.44,0.61,0.92,32.61,1.52,2.87,318.05,113.72,634.81,11.14,89.89,63.18,100.25,,5.13,7.06,0.04,81.44,0.75,3.5,9.5,266.23,265.48,,4.55
2026-01-09 13:00:00,190.31,51.62,22.06,59.0,36.31,0.0,341.5,4.4,63.98,72.84,,0.0,0.81,,42.31,41.31,0.59,1.32,33.01,0.92,3.07,322.08,123.31,636.06,10.52,90.44,62.44,104.69,,6.25,6.63,0.05,82.44,0.75,3.78,9.59,265.96,265.21,,4.15
2026-01-09 14:00:00,204.25,51.56,22.63,60.13,34.69,0.0,349.87,4.78,64.6,75.79,,0.0,0.82,,41.32,41.63,0.59,1.54,32.88,1.32,3.81,328.23,120.59,645.87,11.51,92.01,65.89,101.56,,7.37,6.5,0.07,84.37,0.75,3.63,9.44,275.26,274.51,,3.15
2026-01-09 15:00:00,203.44,49.76,22.32,60.25,36.06,0.0,351.63,4.72,65.48,75.23,,0.0,0.75,,42.78,37.87,0.6,1.69,33.21,1.08,4.06,334.72,119.5,646.88,9.3,92.52,64.92,98.25,,6.88,6.37,0.05,85.06,0.82,3.56,9.62,279.48,278.66,,3.05
2026-01-09 16:00:00,198.81,49.24,22.81,58.93,34.25,0.0,345.59,4.34,65.71,71.02,,0.0,0.81,,41.74,36.75,0.61,1.83,33.09,1.05,3.69,328.11,121.6,636.32,15.79,92.86,65.12,92.69,,7.18,6.31,0.04,81.82,0.75,3.18,10.5,272.51,271.76,,2.03
2026-01-09 17:00:00,190.5,43.94,23.42,59.13,33.19,0.0,335.34,3.34,70.58,74.86,,0.0,0.81,,42.59,29.75,0.59,1.34,36.01,1.09,3.87,321.77,116.9,622.19,9.11,97.34,60.38,81.06,,5.75,4.44,0.07,76.81,3.0,3.07,10.1,264.69,261.69,,3.33
2026-01-09 18:00:00,179.44,38.5,21.26,58.81,31.69,0.0,318.19,3.98,62.62,76.03,,0.0,0.81,,40.26,26.63,0.6,0.76,38.14,1.19,3.88,309.61,108.1,604.78,7.35,87.86,31.94,72.44,,5.44,2.82,0.09,71.12,0.81,2.81,9.56,248.28,247.47,,4.26
2026-01-09 19:00:00,176.25,36.0,19.99,58.5,31.06,0.0,308.53,4.03,59.42,65.38,,0.0,0.82,,40.98,25.68,0.6,0.71,34.02,1.71,3.25,299.55,104.31,600.53,7.3,83.44,28.13,68.31,,5.19,2.0,0.09,65.5,1.19,2.75,9.5,243.94,242.75,,4.15
2026-01-09 20:00:00,170.44,35.13,18.75,56.56,29.87,0.0,295.25,3.78,56.43,60.5,,0.0,0.75,,40.47,24.44,0.59,0.53,32.27,1.54,3.12,296.9,100.4,585.94,6.9,78.96,26.06,65.75,,5.56,2.0,0.08,63.69,1.18,2.54,9.75,237.85,236.67,,4.66
2026-01-09 21:00:00,167.75,35.81,18.08,57.5,29.19,0.0,289.97,3.78,55.68,59.0,,0.0,0.81,,40.55,24.44,0.59,0.58,27.0,1.25,3.19,286.0,98.6,572.06,6.89,77.54,23.94,65.0,,4.5,2.06,0.07,62.31,0.75,2.4,10.16,230.29,229.54,,4.34
2026-01-09 22:00:00,167.62,35.18,17.8,57.91,27.19,0.0,290.16,3.56,55.3,58.35,,0.0,0.81,,41.01,23.5,0.6,0.62,14.08,1.11,3.13,277.76,96.31,562.63,6.96,76.66,21.8,64.31,,4.56,1.93,0.08,60.94,0.75,2.32,9.93,226.39,225.64,,4.28
2026-01-09 23:00:00,165.0,35.1,17.75,56.38,26.56,0.0,280.65,2.82,55.28,57.25,,0.0,0.75,,40.57,23.31,0.59,0.57,9.73,0.98,3.12,271.19,96.91,560.22,6.56,75.85,21.13,61.44,,4.57,2.06,0.08,59.56,0.75,2.36,10.1,226.64,225.89,,3.99
2026-01-10 00:00:00,161.44,35.1,17.31,57.9,28.13,0.0,276.72,2.68,55.65,57.43,,0.0,0.81,,39.73,23.25,0.6,0.65,9.24,0.98,3.19,265.74,95.68,552.11,6.73,75.64,21.25,61.0,,4.68,2.13,0.09,59.25,3.07,2.29,10.12,221.0,217.93,,3.37
2026-01-10 01:00:00,162.5,35.24,17.81,57.78,26.12,0.0,276.16,2.78,55.77,53.95,,0.0,0.82,,40.67,22.75,0.6,0.56,9.27,0.96,3.12,263.25,93.44,554.03,7.03,76.36,20.07,61.25,,4.69,2.0,0.09,59.63,1.06,2.35,10.5,214.72,213.66,,3.17
2026-01-10 02:00:00,155.25,34.41,17.69,56.38,26.38,0.0,275.0,2.51,55.17,53.35,,0.0,0.81,,40.77,22.94,0.6,0.55,8.62,0.97,3.25,260.2,90.56,549.67,7.51,75.37,20.18,60.88,,4.56,1.94,0.1,60.81,1.19,2.21,10.41,218.76,217.57,,1.81
2026-01-10 03:00:00,152.5,35.06,17.25,57.31,25.81,0.0,274.12,2.59,54.94,53.29,,0.0,0.81,,41.02,22.56,0.61,0.58,8.9,0.94,3.32,259.19,90.41,546.37,7.91,74.78,21.87,60.18,,4.38,2.06,0.07,59.75,0.93,2.44,10.44,213.99,213.06,,1.89
2026-01-10 04:00:00,152.0,34.0,17.13,57.16,25.62,0.0,274.44,2.56,55.86,53.93,,0.0,0.81,,40.99,22.81,0.61,0.52,9.55,0.92,3.5,259.33,89.63,544.67,8.88,75.55,21.75,57.88,,4.12,2.19,0.1,58.94,0.75,2.44,10.03,214.42,213.67,,1.9
2026-01-10 05:00:00,152.5,34.01,17.31,56.15,25.63,0.0,272.34,2.56,55.3,52.38,,0.0,0.82,,41.05,22.82,0.61,0.55,11.93,0.93,3.75,258.18,89.28,546.2,9.63,75.17,22.2,56.5,,4.25,2.18,0.1,59.81,0.75,2.5,10.5,215.42,214.67,,1.76
2026-01-10 06:00:00,153.69,32.71,17.13,56.69,25.56,0.0,272.47,2.54,55.86,52.54,,0.0,0.81,,39.84,22.5,0.6,0.49,10.59,1.12,4.12,258.62,88.62,543.44,9.34,75.53,21.81,55.56,,4.07,1.94,0.03,59.25,0.75,2.56,10.72,212.72,211.97,,1.61
2026-01-10 07:00:00,152.69,33.03,17.43,57.03,26.06,0.0,273.5,2.4,56.04,57.85,,0.0,0.81,,40.3,22.68,0.61,0.49,20.38,1.61,4.13,259.3,87.06,545.68,6.76,75.87,23.62,55.81,,4.06,1.88,0.04,58.38,1.07,2.46,9.47,215.82,214.75,,1.53
2026-01-10 08:00:00,153.5,33.94,18.94,57.31,25.88,0.0,274.03,2.47,56.85,57.23,,0.0,0.81,,39.11,22.82,0.59,0.52,47.28,1.12,3.62,260.46,88.13,552.96,2.91,78.26,22.14,57.38,,5.44,1.81,0.03,59.81,3.5,2.91,17.34,217.46,213.96,,1.54
2026-01-10 09:00:00,163.25,36.06,19.82,57.88,26.25,0.0,279.57,2.34,59.27,56.36,,0.0,0.82,,41.33,23.18,0.6,0.62,52.5,1.14,2.81,261.45,88.41,553.5,3.19,81.43,33.36,57.81,,7.37,3.81,0.02,62.12,0.93,3.28,18.44,215.6,214.67,,1.68
2026-01-10 10:00:00,152.75,39.84,19.56,59.87,26.75,0.0,277.43,2.69,59.1,56.17,,0.0,0.75,,41.21,25.07,0.59,0.76,53.7,1.17,2.5,267.8,90.15,561.27,2.96,81.35,40.13,57.5,,7.56,4.19,0.02,62.82,0.75,3.94,13.87,218.71,217.96,,1.65
2026-01-10 11:00:00,152.12,37.73,19.13,60.79,27.12,0.0,280.47,2.44,60.09,56.07,,0.0,0.81,,43.58,24.31,0.59,0.96,55.02,1.36,2.5,269.13,90.1,570.68,2.95,81.66,40.24,59.13,,7.25,5.0,0.02,63.87,0.88,3.72,13.03,221.3,220.42,,1.52
2026-01-10 12:00:00,153.25,35.84,19.56,61.46,27.13,0.0,280.69,2.6,60.79,58.07,,0.0,0.81,,43.09,24.5,0.59,1.11,53.57,0.99,2.82,271.47,90.81,569.2,2.9,82.95,40.45,58.43,,6.25,5.06,0.01,64.19,1.25,3.25,11.32,228.63,227.38,,1.5
2026-01-10 13:00:00,151.69,35.25,20.64,55.97,28.06,0.0,281.63,2.62,58.73,61.49,,0.0,0.75,,42.97,24.75,0.6,1.04,56.26,1.04,2.93,273.71,92.09,569.98,2.97,81.99,40.25,59.63,,6.19,11.75,0.0,65.06,1.06,3.54,10.56,224.32,223.26,,1.73
2026-01-10 14:00:00,152.87,34.37,20.69,56.19,29.63,0.0,289.28,2.72,58.51,64.56,,0.0,0.81,,43.83,25.56,0.59,0.92,55.8,1.05,2.94,279.16,93.53,581.5,3.09,81.92,40.88,63.56,,6.31,11.25,0.01,65.31,3.06,3.52,10.03,226.62,223.56,,1.79
2026-01-10 15:00:00,156.0,34.66,20.38,54.91,28.75,0.0,289.5,2.91,58.32,62.86,,0.0,0.82,,42.83,25.75,0.6,0.88,52.54,1.12,2.81,282.01,93.57,572.55,4.74,81.61,40.3,65.0,,6.25,11.44,0.03,64.88,0.75,3.44,9.87,224.46,223.71,,1.57
2026-01-10 16:00:00,152.94,35.1,19.93,53.56,29.37,0.0,290.56,2.68,59.45,60.98,,0.0,0.75,,42.35,26.5,0.6,0.77,36.42,1.02,3.0,280.93,92.96,575.64,8.35,82.06,33.87,64.81,,4.75,11.25,0.02,65.19,1.13,2.85,9.0,227.94,226.81,,1.51
2026-01-10 17:00:00,149.81,35.47,21.0,53.97,28.5,0.0,285.37,3.47,58.18,59.58,,0.0,0.81,,43.14,26.25,0.59,1.0,23.33,1.22,3.38,283.47,95.19,571.93,9.03,82.65,23.26,66.19,,4.32,8.63,0.07,64.06,1.19,2.84,9.69,225.19,224.0,,2.73
2026-01-10 18:00:00,148.5,35.55,20.25,53.15,29.13,0.0,283.41,3.34,59.9,60.93,,0.0,0.75,,41.48,25.5,0.59,0.65,16.75,1.41,3.12,278.22,94.56,569.64,7.12,83.49,19.0,61.63,,4.25,1.94,0.07,64.56,0.81,2.75,9.6,225.78,224.97,,3.31
2026-01-10 19:00:00,150.07,35.25,20.25,52.1,27.93,0.0,282.88,2.53,58.2,63.23,,0.0,0.81,,42.17,23.63,0.59,0.97,13.76,1.67,2.69,273.07,96.13,570.11,7.46,80.98,16.12,56.5,,4.87,1.62,0.06,62.0,0.75,2.59,9.78,223.3,222.55,,3.46
2026-01-10 20:00:00,144.31,33.76,19.94,53.15,27.75,0.0,280.81,2.85,55.13,61.38,,0.0,0.81,,41.08,22.43,0.59,0.78,13.89,1.98,2.75,271.21,95.0,559.78,7.61,77.92,13.7,54.37,,4.5,1.56,0.07,62.63,0.75,2.5,9.9,222.43,221.68,,3.9
2026-01-10 21:00:00,138.44,34.41,20.62,53.5,27.75,0.0,283.59,2.59,57.14,60.34,,0.0,0.75,,40.96,22.19,0.6,0.77,13.77,1.49,2.94,269.19,94.0,556.81,7.36,80.35,13.18,53.88,,4.56,1.5,0.08,61.5,0.75,2.44,9.85,221.39,220.64,,4.12
2026-01-10 22:00:00,138.37,34.62,19.63,53.19,27.19,0.0,278.97,3.0,55.24,58.61,,0.0,0.82,,41.86,21.5,0.59,1.13,12.37,0.99,3.12,262.69,92.78,553.63,7.49,77.87,13.38,48.62,,4.44,1.5,0.05,60.81,3.5,2.56,9.87,212.19,208.69,,3.85
2026-01-10 23:00:00,137.31,34.49,19.0,53.6,26.38,0.0,279.16,2.68,54.82,57.78,,0.0,0.81,,41.13,21.69,0.6,0.66,9.34,1.64,3.25,262.06,92.19,555.78,7.86,76.5,12.94,44.69,,4.25,1.57,0.07,59.31,1.25,2.37,10.22,211.87,210.62,,3.33
2026-01-11 00:00:00,137.69,35.1,17.88,52.53,26.37,0.0,277.22,2.76,54.68,54.23,,0.0,0.81,,41.01,22.37,0.61,0.84,8.99,1.9,3.19,261.47,92.78,553.04,7.77,75.32,13.12,42.75,,5.44,1.49,0.08,61.75,0.75,2.51,11.25,214.26,213.51,,3.35
2026-01-11 01:00:00,136.81,35.5,17.99,52.56,25.19,0.0,279.15,2.62,55.12,52.85,,0.0,0.81,,42.23,21.57,0.6,0.91,8.76,1.86,3.19,261.12,91.37,562.44,8.17,75.73,12.94,42.19,,5.37,1.5,0.09,61.25,0.75,2.47,11.34,210.1,209.35,,3.23
2026-01-11 02:00:00,136.38,34.22,17.88,52.94,25.25,0.0,278.1,2.63,55.7,52.23,,0.0,0.82,,41.36,19.81,0.61,0.91,8.91,1.89,3.25,257.41,89.47,551.28,8.45,76.21,13.0,42.25,,4.25,1.5,0.1,61.5,0.75,2.4,10.97,211.43,210.68,,3.41
2026-01-11 03:00:00,134.81,34.94,17.88,52.25,24.31,0.0,280.4,2.49,54.34,52.54,,0.0,0.81,,41.48,19.81,0.61,0.76,9.35,1.89,3.37,256.06,88.85,550.34,8.48,74.71,12.93,42.5,,4.07,1.57,0.09,59.69,0.81,2.6,10.28,215.71,214.9,,3.24
2026-01-11 04:00:00,133.13,33.53,17.86,52.4,24.75,0.0,274.97,2.54,54.62,52.13,,0.0,0.81,,41.73,19.63,0.61,0.86,9.83,1.87,3.5,255.22,88.06,545.63,9.25,75.02,13.14,42.25,,4.06,1.49,0.11,61.62,1.13,2.62,10.04,211.04,209.91,,3.26
2026-01-11 05:00:00,133.43,33.97,18.07,52.72,24.25,0.0,278.78,2.68,54.8,52.76,,0.0,0.81,,41.39,19.68,0.61,0.81,12.17,1.47,3.75,255.63,88.28,544.47,9.95,75.55,12.04,41.87,,4.06,1.44,0.09,60.88,1.25,2.69,11.28,209.99,208.74,,3.29
2026-01-11 06:00:00,133.07,33.21,18.64,52.28,24.75,0.0,273.6,2.54,55.86,52.28,,0.0,0.82,,40.74,19.44,0.62,0.85,11.02,0.9,4.25,254.68,89.84,547.08,9.93,77.04,13.96,42.25,,4.06,1.5,0.03,61.0,3.12,2.72,11.09,213.01,209.89,,2.98
2026-01-11 07:00:00,133.43,33.35,17.57,52.88,24.13,0.0,272.71,2.35,55.4,53.23,,0.0,0.81,,39.08,19.0,0.61,0.99,14.38,1.02,4.19,256.25,100.79,514.29,7.62,75.32,14.12,38.56,,4.0,1.32,0.06,62.37,0.75,2.78,11.53,212.53,211.78,,2.93
2026-01-11 08:00:00,135.69,33.4,19.01,52.78,25.18,0.0,278.69,2.33,56.7,55.93,,,0.81,,,,0.6,0.77,36.19,1.02,4.25,256.87,99.06,,,78.04,,,,3.88,,0.06,62.13,0.75,3.03,13.91,210.32,209.57,,2.84
2026-01-11 09:00:00,143.38,33.44,19.3,53.69,25.32,0.0,277.47,2.47,57.64,58.68,,,0.81,,,,0.61,1.09,40.8,0.93,3.19,261.69,99.65,,,79.41,,,,3.87,,0.08,63.25,0.81,3.41,15.15,215.15,214.34,,2.79
2026-01-11 10:00:00,145.5,34.54,19.07,52.87,25.5,0.0,278.06,2.28,57.28,56.86,40.89,,0.82,,,,0.59,0.83,43.24,0.88,3.06,261.08,100.69,555.56,,78.63,,,,4.5,,0.07,63.81,0.75,4.5,15.35,218.45,217.7,60.04,2.66
2026-01-11 11:00:00,145.81,35.34,19.44,53.81,26.06,0.0,279.32,2.5,57.26,56.78,37.21,,0.81,,,,0.61,1.02,40.38,0.99,2.94,263.62,103.13,558.6,,79.2,,,,4.38,,0.04,64.81,0.75,4.37,15.19,216.58,215.83,63.07,2.82
2026-01-11 12:00:00,145.25,34.59,20.31,53.6,26.37,0.0,276.18,2.82,59.92,56.62,34.59,,0.75,,,,0.6,1.12,33.07,1.38,2.87,266.02,101.53,562.79,,83.05,,,,4.31,,0.05,64.69,0.75,3.97,14.46,216.1,215.35,60.79,2.86
2026-01-11 13:00:00,145.69,34.62,20.0,53.47,25.75,0.0,279.82,3.13,59.04,57.04,42.26,,0.81,,,,0.61,0.95,35.26,1.63,3.0,265.25,102.9,567.21,,82.17,,,,4.44,,0.04,64.69,3.13,4.15,14.6,218.06,214.93,61.02,2.84
2026-01-11 14:00:00,148.0,34.47,19.62,52.53,25.88,0.0,280.43,2.84,59.64,58.66,46.16,,0.81,,,,0.6,1.05,40.56,1.47,3.19,265.31,103.07,582.37,,82.1,,,,4.69,,0.05,66.37,0.75,4.01,18.15,215.01,214.26,62.25,2.99
2026-01-11 15:00:00,150.0,35.1,20.06,53.69,26.31,0.0,287.32,2.87,60.95,59.27,47.03,,0.82,,,11.75,0.61,0.73,37.12,1.14,3.5,273.39,107.03,577.86,,83.88,,,,4.56,,0.05,66.57,0.75,3.87,17.07,223.15,222.4,62.44,3.46
2026-01-11 16:00:00,149.37,34.41,20.7,51.84,25.88,0.0,282.71,3.13,63.39,60.55,47.75,,0.81,,,12.18,0.6,1.06,34.53,1.82,3.75,276.87,105.59,570.27,,87.22,,,,4.25,,0.05,65.37,0.75,3.12,14.03,216.46,215.71,63.24,3.24
2026-01-11 17:00:00,147.94,36.12,21.43,52.87,24.68,0.0,282.85,3.15,63.33,60.65,49.76,0.0,0.81,,,12.25,0.59,0.79,23.77,1.91,3.88,272.89,100.66,568.37,6.89,87.91,,,,4.37,,0.08,65.06,0.75,2.98,13.87,217.3,216.55,66.49,4.09
2026-01-11 18:00:00,141.44,36.22,22.57,52.54,24.57,0.0,277.19,2.81,65.63,61.0,55.07,0.0,0.81,,,13.32,0.6,1.05,19.97,1.98,3.56,263.18,95.78,572.27,6.42,91.01,,,,5.82,,0.06,64.13,0.75,2.84,10.03,218.19,217.44,64.78,4.86
2026-01-11 19:00:00,145.56,35.63,22.81,52.18,25.0,0.0,270.4,2.51,60.0,59.39,59.1,0.0,0.75,,,14.25,0.6,0.89,14.07,1.95,3.12,262.61,96.28,564.15,6.33,85.32,,,,5.43,,0.07,63.5,0.75,2.69,10.04,217.23,216.48,70.08,4.03
2026-01-11 20:00:00,145.31,35.25,21.09,52.1,24.06,0.0,269.56,2.74,56.41,57.79,58.81,0.0,0.82,,,14.25,0.59,0.85,13.88,1.91,3.13,259.5,95.72,554.9,6.34,80.24,,,,4.57,,0.07,64.87,0.75,2.68,11.0,221.71,220.96,76.35,4.0
2026-01-11 21:00:00,144.94,35.18,19.06,52.03,23.5,0.0,270.91,2.73,56.69,57.66,59.38,0.0,0.81,,,14.37,0.6,0.8,14.12,1.72,3.19,258.0,93.03,549.46,6.29,78.48,,,,4.62,,0.07,62.69,3.06,2.44,10.4,217.82,214.76,78.63,4.13
2026-01-11 22:00:00,145.31,34.97,19.56,53.0,23.12,0.0,271.22,2.81,56.27,58.21,59.44,0.0,0.81,,,15.13,0.6,0.96,12.56,1.69,3.18,255.32,90.38,551.76,6.57,78.64,,,,4.5,,0.08,62.13,0.75,2.56,10.35,214.77,214.02,81.24,4.2
2026-01-11 23:00:00,147.5,34.97,19.25,51.72,24.44,0.0,272.84,2.81,56.05,55.76,57.97,0.0,0.81,,,13.68,0.6,0.77,9.55,1.77,3.19,253.52,90.25,543.92,6.91,78.11,,,,4.75,,0.08,59.81,0.75,2.53,12.09,212.8,212.05,77.91,3.31
2026-01-12 00:00:00,145.44,35.78,18.01,52.47,24.44,0.0,270.13,2.69,56.09,53.94,57.96,0.0,0.82,,,13.69,0.6,1.08,9.22,1.85,3.19,256.63,92.81,547.67,7.02,76.79,,,,6.06,,0.09,62.37,0.81,2.41,11.47,206.93,206.12,75.85,3.45
2026-01-12 01:00:00,145.25,34.85,18.0,51.65,24.44,0.0,269.72,2.62,56.25,52.49,59.68,0.0,0.81,,,13.69,0.61,0.75,9.89,1.81,3.19,254.93,91.12,540.85,7.05,76.87,,,,5.69,,0.09,63.38,0.75,2.57,11.31,209.42,208.67,73.38,3.44
2026-01-12 02:00:00,143.44,34.96,18.06,52.16,23.56,0.0,268.0,2.57,56.49,51.09,59.96,0.0,0.81,,,13.31,0.62,0.89,9.19,1.86,3.25,253.23,88.57,538.83,7.58,77.12,,,,4.63,,0.1,62.31,0.75,2.47,11.19,211.61,210.86,68.22,3.43
2026-01-12 03:00:00,143.12,35.32,18.37,52.28,23.31,0.0,265.72,2.56,55.8,51.44,58.49,0.0,0.81,,,12.69,0.61,0.79,9.21,1.9,3.37,252.46,89.28,538.33,7.59,76.73,,,,4.12,,0.09,60.13,1.63,2.65,10.72,207.66,206.03,66.58,3.38
2026-01-12 04:00:00,142.06,34.37,18.19,51.78,23.13,0.0,266.81,2.63,56.22,51.14,58.39,0.0,0.82,,,12.62,0.61,0.98,9.56,1.85,3.56,253.04,88.53,537.47,8.62,77.04,,,,4.06,,0.09,61.5,2.19,2.69,10.56,211.25,209.06,68.05,2.05
2026-01-12 05:00:00,140.88,34.84,18.01,53.06,23.62,0.0,270.5,2.55,56.64,52.06,59.34,0.0,0.81,,,12.38,0.61,0.88,11.81,1.38,3.88,253.4,89.28,534.74,9.37,77.2,,,,4.25,,0.05,62.06,0.75,2.81,11.22,209.44,208.69,65.31,1.92
2026-01-12 06:00:00,143.0,34.23,18.25,51.78,23.75,0.0,271.0,2.44,56.58,51.4,58.62,0.0,0.81,,,12.5,0.61,0.83,10.76,0.98,4.44,254.59,89.34,541.1,9.79,77.27,,,,4.13,,0.07,62.69,1.0,2.78,11.22,209.4,208.4,67.98,1.72
2026-01-12 07:00:00,145.12,34.21,18.18,52.0,23.56,0.0,278.65,2.41,56.95,52.05,59.57,0.0,0.81,,,14.5,0.6,0.85,13.62,0.97,4.37,257.79,88.0,545.63,5.43,77.54,,,,3.94,,0.03,66.93,1.18,2.94,10.78,212.94,211.76,73.14,1.26
2026-01-12 08:00:00,167.32,42.32,21.93,52.79,27.19,0.0,295.6,3.34,58.3,54.89,62.05,0.0,0.82,,,22.12,0.6,0.86,22.5,0.97,4.63,269.86,96.47,559.65,18.97,83.57,,,,4.37,,0.04,68.57,1.0,3.59,17.72,232.25,231.25,87.33,1.35
2026-01-12 09:00:00,182.93,49.44,23.58,52.62,28.06,0.0,316.5,4.63,63.73,58.03,65.94,0.0,0.81,,,27.63,0.59,0.98,28.63,1.27,4.12,286.58,110.6,575.27,10.25,91.94,,,,6.63,,0.08,75.43,3.25,4.47,26.06,240.5,237.25,98.0,1.68
2026-01-12 10:00:00,191.0,53.71,23.74,54.41,29.88,0.0,331.97,4.97,66.64,64.11,69.39,0.0,0.75,,,28.56,0.6,1.03,27.91,1.27,3.44,304.62,126.25,602.4,45.75,95.35,,,,8.12,,0.04,79.57,1.25,4.97,31.56,251.4,250.15,105.26,1.97
2026-01-12 11:00:00,195.19,53.69,24.28,54.78,31.25,0.0,339.03,4.72,62.86,68.47,71.55,0.0,0.81,,,29.69,0.6,0.93,29.22,1.22,3.25,316.48,129.78,634.83,40.6,91.86,,,,7.25,,0.03,81.5,13.32,4.75,31.35,273.83,260.51,117.68,1.99
2026-01-12 12:00:00,186.69,50.62,23.5,54.65,37.56,0.0,334.59,4.21,64.15,70.2,69.09,0.0,0.81,,,31.94,0.59,1.0,27.98,0.94,3.19,324.37,129.84,644.44,17.93,91.86,,,,6.25,,0.03,83.25,12.06,3.97,27.87,274.8,262.74,122.47,2.58
2026-01-12 13:00:00,210.69,48.41,23.5,57.07,37.63,0.0,335.22,4.26,63.73,68.35,73.34,0.0,0.75,,,32.25,0.59,1.23,34.43,1.25,3.31,325.63,131.44,638.56,18.16,91.49,,,,6.06,,0.03,81.93,10.5,4.22,31.06,278.74,268.24,123.4,2.53
2026-01-12 14:00:00,230.56,50.28,23.62,57.22,38.18,0.0,340.78,5.15,64.56,73.17,77.28,0.0,0.82,,,32.43,0.59,0.94,33.6,0.98,3.5,335.63,130.59,647.88,65.28,93.33,,,,5.82,,0.03,80.75,12.69,4.5,29.88,282.71,270.02,119.76,3.98
2026-01-12 15:00:00,213.19,50.28,24.07,57.37,37.5,0.0,349.72,5.28,63.99,72.86,73.81,0.0,0.81,,,33.07,0.6,1.04,32.16,1.14,4.25,344.14,133.41,643.37,44.66,93.34,,,,7.18,,0.03,83.69,3.75,4.37,29.12,272.25,268.5,117.16,4.07
2026-01-12 16:00:00,203.37,52.51,23.63,56.03,37.25,0.0,346.31,5.1,62.62,75.14,72.51,0.0,0.65,,,33.56,0.59,1.07,31.03,1.23,3.5,338.88,130.94,654.26,30.52,91.35,,,,7.38,,0.04,80.31,1.18,3.41,18.03,274.8,273.62,122.8,4.37
2026-01-12 17:00:00,195.19,49.21,23.5,55.5,35.19,0.0,330.38,4.09,62.11,75.48,71.96,0.0,0.57,,,31.25,0.6,1.1,41.99,1.97,3.5,336.1,124.37,628.17,13.71,89.7,,,,6.44,,0.05,79.63,3.5,3.37,12.94,276.15,272.65,117.82,3.99
2026-01-12 18:00:00,179.31,41.29,22.37,55.1,31.94,0.0,311.75,3.18,64.08,76.56,70.76,0.0,0.56,,,28.25,0.59,1.11,42.1,1.93,3.62,323.37,118.72,606.01,8.24,89.63,,,,5.25,,0.07,73.75,0.75,3.19,12.03,261.19,260.44,111.24,4.03
2026-01-12 19:00:00,175.94,38.96,20.75,56.06,30.69,0.0,302.03,3.0,60.52,75.69,68.18,0.0,0.62,,,26.5,0.6,0.95,36.05,1.98,3.25,316.06,117.22,604.42,8.12,84.27,,,,4.93,,0.07,69.75,0.88,3.16,11.75,258.38,257.5,106.45,4.12
2026-01-12 20:00:00,173.06,37.56,19.93,55.44,27.75,0.0,292.72,3.57,57.22,74.07,66.54,0.0,0.57,,,26.37,0.59,1.01,30.2,1.84,3.19,309.3,113.37,587.14,8.11,80.72,,,,4.13,,0.07,68.75,1.19,2.59,11.35,255.97,254.78,103.96,4.41
2026-01-12 21:00:00,171.13,36.35,19.32,56.78,27.81,0.0,288.06,3.31,56.4,62.76,67.05,0.0,0.56,,,25.75,0.6,0.89,26.66,1.52,3.19,297.3,112.63,579.67,8.39,79.03,,,,4.31,,0.08,66.12,1.0,2.47,11.84,245.4,244.4,101.26,4.22
2026-01-12 22:00:00,168.75,36.09,19.7,55.97,26.75,0.0,282.97,3.13,55.38,60.04,66.29,0.0,0.56,,,24.75,0.6,1.06,15.01,1.13,3.19,281.99,108.25,570.64,7.95,78.21,,,,4.38,,0.08,66.07,0.68,2.37,12.16,237.99,237.31,100.62,4.26
2026-01-12 23:00:00,165.0,34.53,18.87,54.62,26.31,0.0,283.25,3.16,54.95,56.82,62.99,0.0,0.63,,,23.63,0.6,0.94,10.92,1.41,3.18,272.72,107.15,567.56,9.43,76.98,,,,4.25,,0.09,63.18,0.75,2.5,12.72,225.52,224.77,96.72,3.5
2026-01-13 00:00:00,162.31,34.88,18.06,54.5,24.94,0.0,284.97,2.83,54.92,54.83,62.36,0.0,0.56,,,22.19,0.6,1.03,9.37,1.43,3.19,270.04,102.91,562.26,8.74,75.81,,,,4.81,,0.09,65.63,1.19,2.34,12.53,226.29,225.1,89.55,3.36
2026-01-13 01:00:00,161.56,35.13,18.25,54.09,24.81,0.0,281.87,2.79,55.06,54.28,64.54,0.0,0.56,,,21.18,0.61,1.0,9.04,1.39,3.19,266.49,103.91,557.68,8.74,76.1,,,,4.44,,0.09,63.75,3.44,2.48,12.59,227.58,224.14,89.65,3.31
2026-01-13 02:00:00,161.63,34.59,18.13,53.38,24.38,0.0,282.35,2.56,54.55,54.63,64.96,0.0,0.56,,,21.25,0.61,0.84,8.81,1.35,3.25,265.13,103.37,560.21,9.08,75.24,,,,4.37,,0.08,63.31,0.75,2.4,12.41,223.96,223.21,89.23,3.18
2026-01-13 03:00:00,159.06,35.53,17.8,53.59,22.5,0.0,278.12,2.81,54.68,53.97,62.03,0.0,0.63,,,21.38,0.61,0.89,8.96,1.35,3.37,264.03,102.25,552.97,9.4,75.29,,,,4.0,,0.01,63.06,0.75,2.63,12.5,222.88,222.13,88.34,2.98
2026-01-13 04:00:00,157.69,34.46,18.25,52.91,22.81,0.0,279.66,2.66,56.23,54.36,62.0,0.0,0.56,,,21.37,0.61,0.95,9.67,1.35,3.5,265.01,104.03,551.08,10.17,77.14,,,,4.06,,0.0,64.07,0.87,2.71,13.65,219.55,218.68,89.69,3.09
2026-01-13 05:00:00,158.56,33.91,17.63,52.97,22.75,0.0,279.47,2.66,55.77,54.07,64.59,0.0,0.56,,,20.88,0.61,0.78,12.34,1.31,3.82,263.49,102.38,551.27,10.88,76.06,,,,4.0,,0.01,62.87,1.19,2.64,12.88,224.04,222.85,88.37,3.07
2026-01-13 06:00:00,157.44,33.66,17.94,53.56,23.75,0.0,282.31,2.53,55.15,54.45,61.89,0.0,0.57,,,21.0,0.61,0.77,11.42,1.03,4.68,263.42,101.94,555.86,10.28,75.62,,,,3.94,,0.03,63.19,1.0,2.78,12.9,225.99,224.99,90.93,2.72
2026-01-13 07:00:00,162.06,33.59,18.44,52.47,23.44,0.0,289.0,2.5,55.47,55.05,61.16,0.0,0.62,,,22.06,0.6,0.72,13.7,1.49,4.32,266.53,103.18,558.52,7.32,76.41,,,,3.88,,0.05,68.0,0.75,2.93,13.72,226.6,225.85,91.03,2.44
2026-01-13 08:00:00,197.06,41.22,20.62,53.91,27.87,0.0,301.06,2.9,56.18,58.12,65.54,0.0,0.56,,,26.38,0.61,1.0,21.97,1.0,3.93,273.99,108.97,569.47,14.29,79.7,,,,5.5,,0.04,72.56,2.88,3.18,33.07,240.66,237.78,95.73,2.42
2026-01-13 09:00:00,218.5,48.63,21.87,53.21,31.06,0.0,317.1,4.15,59.3,60.95,68.69,0.0,0.57,,,30.06,0.6,1.64,25.6,0.99,3.19,293.16,118.69,591.62,7.67,85.32,,,,6.56,,0.04,76.19,0.87,3.51,38.03,244.96,244.09,105.45,2.52
2026-01-13 10:00:00,230.81,50.81,21.88,56.79,35.69,0.0,328.18,4.61,64.11,65.13,71.18,0.0,0.56,,,33.31,0.6,1.98,28.15,1.09,3.19,320.71,123.69,607.96,24.84,90.6,,,,7.06,,0.03,81.56,1.19,3.75,39.5,260.32,259.13,109.78,3.56
2026-01-13 11:00:00,232.07,51.0,23.73,57.84,35.38,0.0,331.38,4.64,64.51,67.89,71.37,0.0,0.56,,,35.63,0.59,1.86,30.31,1.08,2.87,325.84,125.68,624.44,26.41,92.88,,,,7.06,,0.05,86.75,1.0,3.74,39.34,265.48,264.48,115.97,3.15
2026-01-13 12:00:00,232.62,51.69,23.95,57.37,35.68,0.0,331.59,4.63,63.34,69.65,71.63,0.0,0.63,,,33.87,0.6,1.84,27.03,1.05,3.07,333.04,129.16,633.04,23.88,91.92,,,,7.63,,0.03,86.13,0.75,3.32,37.94,271.64,270.89,115.9,3.03
2026-01-13 13:00:00,239.81,53.44,24.12,59.57,34.32,0.0,330.13,4.82,64.25,69.75,74.78,0.0,0.56,,,35.81,0.61,1.83,29.43,1.41,3.0,337.48,127.81,634.1,6.63,93.19,,94.31,,7.37,,0.03,84.5,0.69,3.82,38.69,268.71,268.02,117.69,2.61
2026-01-13 14:00:00,247.94,53.18,23.76,59.59,34.18,0.0,333.18,5.06,66.15,72.18,77.32,0.0,,,,37.44,,2.0,29.21,1.27,3.75,342.3,133.03,643.01,9.28,94.97,,96.94,,7.38,,0.05,90.43,0.68,3.71,35.21,277.34,276.66,121.0,2.41
2026-01-13 15:00:00,245.38,55.0,23.93,59.13,34.57,0.0,333.72,5.37,63.96,77.32,74.99,0.0,,,,38.19,,1.92,30.8,1.1,3.5,345.91,135.29,645.89,13.12,93.26,,97.56,,7.62,,0.29,86.63,3.25,3.63,31.41,282.61,279.36,114.26,3.84
2026-01-13 16:00:00,238.87,53.53,24.23,58.78,37.31,0.0,332.69,4.85,62.79,74.38,73.77,0.0,,,,37.81,,1.87,28.71,1.21,2.93,344.31,130.78,643.88,9.09,91.87,,94.19,,7.32,,0.01,84.56,1.19,3.53,30.5,282.85,281.66,119.29,4.0
2026-01-13 17:00:00,213.0,50.34,22.06,58.97,32.81,0.0,330.22,3.96,64.99,72.55,76.07,0.0,,,,34.19,,1.78,35.34,1.2,3.07,336.6,127.31,628.5,10.75,91.01,,88.69,,6.37,,0.08,80.75,0.81,3.15,30.94,281.74,280.93,117.34,3.3
2026-01-13 18:00:00,187.06,42.01,21.38,57.03,28.69,0.0,314.81,3.48,62.01,73.55,72.99,0.0,,,,28.56,,1.3,34.68,1.26,3.18,328.27,122.62,608.66,8.62,86.87,,82.62,,5.44,,0.08,73.75,0.75,2.95,30.69,262.7,261.95,110.47,2.81
2026-01-13 19:00:00,185.88,39.31,21.13,56.68,27.19,0.0,300.47,3.18,57.9,72.09,71.21,0.0,,,,25.13,,0.94,35.54,1.3,2.94,321.41,118.13,603.26,8.23,82.21,,79.75,,5.31,,0.08,67.75,0.69,2.68,30.28,259.19,258.5,104.1,2.19
2026-01-13 20:00:00,184.25,37.22,20.5,56.32,26.43,0.0,291.19,3.19,56.5,71.65,68.0,0.0,,,,24.5,,1.11,33.88,1.3,3.06,321.09,116.97,593.78,8.05,80.19,,78.57,,4.56,,0.04,66.88,1.06,2.53,30.4,254.12,253.06,104.29,2.34
2026-01-13 21:00:00,183.75,37.34,20.61,56.43,26.69,0.0,287.4,2.65,54.91,71.73,69.04,0.0,,,,24.93,,1.1,28.45,1.25,3.0,302.82,116.59,586.8,8.06,78.17,,78.12,,4.5,,0.08,66.0,1.19,2.38,30.57,240.68,239.49,100.62,2.35
2026-01-13 22:00:00,181.56,36.87,20.64,55.6,26.25,0.0,280.38,2.98,54.53,60.63,68.83,0.0,,,,24.32,,1.0,12.75,1.11,3.07,289.99,111.6,582.03,8.2,78.15,,76.63,,4.63,,0.08,63.87,1.75,2.4,30.65,228.45,226.7,100.19,2.63
2026-01-13 23:00:00,172.81,36.72,18.56,54.69,26.38,0.0,280.41,2.9,54.99,60.81,65.71,0.0,,,,23.56,,1.13,9.16,1.4,3.06,279.01,110.96,574.5,8.54,76.45,,74.0,,4.69,,0.08,62.88,2.0,2.47,31.38,221.54,219.54,97.32,2.03
2026-01-14 00:00:00,170.63,37.7,18.19,54.5,24.93,0.0,283.4,2.78,54.41,56.5,64.95,0.0,,,,23.5,,1.17,8.44,1.4,3.06,269.5,110.44,568.16,8.96,75.38,,73.06,,4.62,,0.1,62.81,0.75,2.31,31.18,218.95,218.2,91.09,1.71
2026-01-14 01:00:00,169.12,36.78,18.81,54.9,25.13,0.0,283.97,2.85,55.11,54.72,66.13,0.0,,,,22.56,,1.0,8.6,1.44,3.06,269.83,106.75,568.24,9.21,76.77,,70.31,,4.19,,0.1,64.56,1.13,2.48,31.35,218.61,217.48,89.77,1.69
2026-01-14 02:00:00,166.82,35.9,18.25,54.69,24.5,0.0,283.16,2.66,54.58,54.65,67.07,0.0,,,,22.13,,1.17,8.54,1.45,3.07,269.97,102.88,565.33,9.58,75.49,,67.63,,4.19,,0.1,64.56,1.18,2.39,31.65,217.45,216.27,91.31,1.7
2026-01-14 03:00:00,167.93,36.32,18.18,54.41,24.81,0.0,282.68,2.58,54.92,54.92,65.44,0.0,,,,21.93,,1.12,8.99,1.43,3.25,269.58,103.72,559.42,9.5,75.68,,64.43,,4.18,,0.1,62.94,0.75,2.57,31.72,218.9,218.15,88.47,1.83
2026-01-14 04:00:00,165.94,35.24,18.0,54.75,23.63,0.0,279.63,2.63,54.96,54.48,66.56,0.0,,,,21.94,,1.03,9.42,1.68,3.37,268.86,101.65,555.2,10.38,75.59,,63.63,,4.25,,0.1,64.44,0.75,2.56,31.91,219.98,219.23,90.12,1.7
2026-01-14 05:00:00,161.0,35.15,18.58,54.06,24.18,0.0,280.47,2.56,54.88,54.45,66.91,0.0,,,,21.44,,1.07,11.78,1.33,3.75,269.28,103.03,558.11,11.01,76.02,,63.5,,4.13,,0.1,63.06,3.32,2.69,31.53,217.45,214.13,90.25,1.7
2026-01-14 06:00:00,159.63,33.79,18.0,55.56,23.25,0.0,281.5,2.63,54.42,54.35,66.05,0.0,,,,21.37,,1.16,10.52,0.91,4.56,268.85,101.41,554.34,10.44,75.05,,63.25,,4.06,,0.08,63.06,1.18,2.66,31.81,216.65,215.47,89.45,1.4
2026-01-14 07:00:00,165.12,34.43,18.12,54.0,24.25,0.0,281.09,2.53,55.89,55.61,65.35,0.0,,,,21.75,,1.06,12.51,1.04,4.38,272.08,101.37,556.19,7.32,76.54,,64.25,,3.94,,0.04,65.25,0.75,2.87,29.47,222.77,222.02,90.53,1.24
2026-01-14 08:00:00,182.06,43.6,20.57,54.75,25.75,0.0,293.38,2.78,56.44,61.7,68.53,0.0,,,,25.38,,1.11,21.89,1.14,3.19,288.32,106.5,580.0,3.89,79.79,,71.25,,5.25,,0.02,70.0,0.75,3.9,29.91,235.71,234.96,96.28,1.26
2026-01-14 09:00:00,203.88,51.16,21.31,56.44,27.94,0.0,311.22,3.94,59.24,61.43,73.72,0.0,,,,29.75,,1.69,29.34,1.23,3.12,305.6,118.35,590.82,5.77,84.49,,81.44,,5.69,,0.02,79.13,1.13,4.91,30.53,250.8,249.67,104.18,1.54
2026-01-14 10:00:00,219.5,54.62,21.93,58.28,28.69,0.0,322.03,4.22,59.98,67.37,78.29,0.0,,,,32.0,,1.85,30.0,1.05,3.56,322.31,129.62,603.84,6.89,86.13,,91.0,,7.06,,0.02,82.75,1.19,5.82,30.75,262.96,261.77,112.9,2.79
2026-01-14 11:00:00,220.19,65.94,22.76,58.69,29.06,0.0,327.03,4.47,62.58,72.62,79.49,0.0,,,,31.0,,2.03,31.44,1.31,3.5,338.55,127.16,617.38,12.76,89.81,,96.81,,8.37,,0.02,87.44,0.75,5.63,30.12,264.58,263.83,116.1,3.02
2026-01-14 12:00:00,209.31,64.28,22.49,61.62,29.31,0.0,325.25,4.56,63.44,72.73,77.75,0.0,,,,32.56,,1.46,28.62,1.05,3.19,339.38,129.09,619.75,3.93,90.49,,93.0,,6.63,,0.07,90.12,3.18,5.43,29.94,270.94,267.76,115.51,4.1
2026-01-14 13:00:00,208.19,63.56,22.37,62.0,30.44,0.0,326.81,5.09,62.35,73.91,79.35,0.0,,,,32.38,,1.83,30.75,1.36,3.0,344.36,131.97,629.47,4.47,89.81,,94.62,,6.0,,0.03,86.63,1.19,5.35,30.1,273.53,272.34,120.87,4.04
2026-01-14 14:00:00,207.0,64.0,22.95,65.38,30.31,0.0,328.88,5.5,62.13,75.9,81.86,0.0,,,,30.62,,1.79,31.29,1.0,3.5,356.8,130.56,632.91,9.1,90.58,,96.88,,7.5,,0.05,85.75,0.94,5.31,15.03,284.05,283.11,119.11,3.57
2026-01-14 15:00:00,204.37,59.75,24.15,65.09,33.44,0.0,330.87,5.16,61.38,81.85,79.9,0.0,,,,30.31,,1.97,29.31,1.13,3.5,365.12,132.07,632.31,4.84,90.69,,98.94,,7.25,,0.03,84.25,0.81,5.47,9.09,281.76,280.95,120.53,3.56
2026-01-14 16:00:00,191.63,53.57,23.5,63.84,34.69,0.0,330.81,5.21,64.35,75.83,80.05,0.0,,,,29.88,,2.01,30.2,1.05,2.69,363.23,130.12,634.65,7.2,93.06,,98.62,,7.5,,0.02,84.18,2.75,4.27,9.5,278.57,275.82,116.82,3.93
2026-01-14 17:00:00,174.62,49.12,24.0,61.94,33.0,0.0,326.47,4.32,67.03,80.7,80.34,0.0,,,,28.0,,1.67,34.68,1.18,2.62,353.91,127.25,618.02,10.1,95.35,,93.88,,5.81,,0.06,78.25,1.06,4.01,10.06,274.15,273.09,118.63,4.43
2026-01-14 18:00:00,162.38,40.38,22.75,51.85,31.5,0.0,316.63,3.97,60.07,74.63,79.31,0.0,,,,25.37,,1.19,34.21,1.23,2.32,344.84,122.06,619.44,8.42,86.79,,84.87,,5.5,,0.07,76.94,0.69,3.62,10.0,269.74,269.05,112.6,4.33
2026-01-14 19:00:00,156.25,39.31,21.31,46.9,30.19,0.0,306.31,2.99,57.06,72.23,74.65,0.0,,,,24.44,,1.28,32.62,1.22,1.87,328.75,120.69,608.9,8.56,81.36,,81.63,,5.06,,0.07,72.13,1.06,3.35,9.85,264.81,263.75,113.29,3.82
2026-01-14 20:00:00,154.75,38.4,20.38,47.44,28.62,0.0,297.72,2.88,56.49,67.29,72.24,0.0,,,,23.75,,1.32,30.03,1.22,1.94,326.75,116.91,593.78,8.05,79.75,,78.62,,4.5,,0.07,71.5,1.19,2.87,9.93,257.88,256.69,105.82,3.71
2026-01-14 21:00:00,155.81,37.07,20.41,45.62,28.56,0.0,289.59,2.79,58.21,62.83,71.9,0.0,,,,23.25,,1.33,27.33,1.24,1.94,314.62,114.87,587.92,8.26,81.41,,76.19,,4.82,,0.07,67.93,0.81,3.09,10.04,248.72,247.91,104.57,3.44
2026-01-14 22:00:00,152.81,37.5,19.3,47.22,26.57,0.0,287.22,3.0,55.82,59.88,72.59,0.0,,,,23.25,,1.25,15.16,1.29,1.87,301.73,110.66,585.95,8.03,78.12,,75.56,,4.56,,0.08,66.82,0.75,3.22,9.81,242.67,241.92,103.22,3.56
2026-01-14 23:00:00,151.88,36.27,18.7,45.97,25.37,0.0,283.78,2.81,55.87,57.66,68.7,0.0,,,,22.81,,1.31,10.27,1.46,2.0,291.84,108.12,587.96,9.56,77.38,,74.81,,4.56,,0.08,68.87,1.19,2.84,10.34,235.55,234.36,103.46,3.49
2026-01-15 00:00:00,150.75,36.73,17.74,44.53,24.75,0.0,285.13,2.97,54.38,56.41,68.6,0.0,,,,23.5,,1.18,9.29,1.35,1.94,287.99,108.04,581.58,8.97,75.09,,71.88,,5.88,,0.09,68.69,3.5,2.94,11.22,233.75,230.25,96.71,3.34
2026-01-15 01:00:00,147.18,35.81,17.69,44.47,25.13,0.0,287.53,2.84,55.64,55.28,70.26,0.0,,,,23.25,,1.22,8.84,1.41,1.94,284.57,104.37,575.12,9.3,76.17,,70.81,,5.62,,0.1,66.69,0.75,2.98,11.25,227.27,226.52,96.46,1.91
2026-01-15 02:00:00,143.82,35.47,18.25,43.44,24.31,0.0,286.78,2.69,54.03,54.89,69.19,0.0,,,,22.25,,1.16,8.47,1.38,2.06,280.85,102.34,573.95,9.27,74.97,,69.5,,4.56,,0.1,65.12,0.75,2.96,10.84,225.94,225.19,95.02,1.92
2026-01-15 03:00:00,142.75,36.5,17.19,44.03,24.0,0.0,283.0,2.62,55.17,55.51,67.66,0.0,,,,21.38,,1.26,8.94,1.35,2.31,277.08,102.85,562.74,9.31,74.98,,68.69,,4.19,,0.01,64.63,1.06,3.06,10.47,230.55,229.49,93.22,1.89
2026-01-15 04:00:00,141.5,35.25,17.5,43.19,23.31,0.0,282.97,2.66,54.66,55.13,68.91,0.0,,,,21.37,,1.38,9.41,1.39,2.44,277.6,101.81,564.26,10.09,74.82,,68.94,,4.19,,0.01,65.0,1.19,3.1,10.28,224.61,223.42,94.97,1.87
2026-01-15 05:00:00,141.81,35.12,17.56,42.53,23.88,0.0,286.4,2.53,55.09,54.84,68.86,0.0,,,,21.38,,1.05,11.71,1.29,2.94,276.4,100.34,567.76,11.34,75.18,,68.87,,4.12,,0.0,63.37,0.88,2.87,10.13,221.94,221.06,92.89,1.86
2026-01-15 06:00:00,142.44,34.82,17.57,43.87,23.87,0.0,285.25,2.68,55.93,55.21,67.77,0.0,,,,21.31,,1.22,10.99,0.91,3.43,275.91,102.35,559.28,10.31,76.18,,67.25,,4.19,,0.06,63.81,0.75,2.94,10.34,223.51,222.76,93.04,1.58
2026-01-15 07:00:00,146.62,36.27,17.75,42.47,23.63,0.0,290.38,2.44,55.54,55.71,67.25,0.0,,,,22.13,,1.17,14.22,1.07,3.38,276.73,101.31,567.0,7.15,75.73,,67.06,,3.94,,0.04,68.69,3.18,2.88,10.94,233.24,230.06,93.19,1.25
2026-01-15 08:00:00,173.19,43.04,20.0,42.69,25.62,0.0,298.41,3.22,58.08,57.65,71.42,0.0,,,,25.93,,1.23,28.38,1.08,3.25,290.71,108.38,577.73,4.05,81.3,,75.5,,6.44,,0.01,74.94,1.19,3.71,10.31,238.72,237.53,98.71,1.3
2026-01-15 09:00:00,183.44,48.56,21.0,46.38,26.56,0.0,318.34,4.38,58.12,59.64,75.11,0.0,,,,28.07,,1.96,31.73,1.09,3.25,308.5,113.15,599.28,6.89,83.5,,84.38,,8.12,,0.03,80.69,1.13,4.0,10.72,250.21,249.08,109.16,1.25
2026-01-15 10:00:00,190.93,50.75,22.68,46.71,31.38,0.0,327.66,4.85,58.86,68.49,79.34,0.0,,,,30.68,,1.98,35.18,1.46,3.56,326.77,119.47,631.1,9.4,86.39,,91.19,,8.69,,0.04,84.93,1.25,5.35,32.88,264.46,263.21,112.38,1.62
2026-01-15 11:00:00,193.07,55.97,23.05,48.75,31.06,0.0,335.5,5.06,60.09,67.55,81.18,0.0,,,,31.82,,2.01,36.75,1.14,3.06,342.32,119.28,651.33,7.67,88.2,,92.93,,8.75,,0.03,86.75,1.0,4.72,31.47,267.64,266.64,117.26,1.95
2026-01-15 12:00:00,197.56,57.15,22.88,48.63,31.31,0.0,334.18,4.15,68.4,69.35,81.53,0.0,,,,30.87,,1.99,33.96,1.14,3.0,345.41,120.75,653.81,4.94,95.43,,94.13,,7.25,,0.02,89.19,0.75,3.65,9.93,271.04,270.29,120.97,2.32
2026-01-15 13:00:00,210.12,57.63,22.62,48.81,30.75,0.0,332.94,5.25,65.81,72.6,85.42,0.0,,,,31.88,,2.21,37.49,1.09,3.07,352.75,122.56,653.12,3.73,93.68,,99.56,,6.87,,0.03,86.38,0.87,4.66,10.16,268.33,267.46,123.43,2.25
2026-01-15 14:00:00,198.75,59.75,23.75,51.97,29.82,0.0,337.41,4.84,61.28,76.07,86.33,0.0,,,,32.12,,1.93,37.34,1.07,3.62,361.5,130.69,666.21,10.27,89.87,,107.38,,7.38,,0.04,92.37,3.44,5.09,9.66,280.31,276.87,124.13,2.34
2026-01-15 15:00:00,204.5,60.87,24.65,50.84,30.12,0.0,340.72,4.69,62.1,76.77,86.26,0.0,,,,33.38,,2.09,37.58,1.06,3.5,360.22,134.5,670.46,13.38,91.44,,108.18,,7.75,,0.04,90.94,1.06,4.6,9.5,274.88,273.82,132.71,2.26
2026-01-15 16:00:00,202.94,57.63,24.0,51.41,30.69,0.0,335.84,4.97,64.99,74.26,83.47,0.0,,,,34.0,,2.12,34.72,1.09,2.75,360.89,128.94,656.21,12.3,93.96,,102.0,,7.5,,0.04,87.94,0.75,3.24,9.53,280.73,279.98,125.82,2.26
2026-01-15 17:00:00,193.0,46.78,22.82,49.28,29.94,0.0,329.59,3.78,62.43,74.27,81.12,0.0,,,,30.62,,1.94,32.71,1.27,2.5,346.36,122.12,633.43,10.18,89.03,,98.88,,5.5,,0.07,82.25,0.81,3.26,10.5,270.67,269.86,118.59,3.0
2026-01-15 18:00:00,178.69,38.51,22.56,47.06,29.18,0.0,314.32,3.15,60.08,67.26,78.97,0.0,,,,28.06,,1.21,31.6,1.54,2.31,334.24,116.94,616.54,8.38,85.79,,88.81,,4.75,,0.08,78.31,1.19,2.78,11.28,265.49,264.3,106.22,4.18
2026-01-15 19:00:00,173.94,38.74,21.74,47.47,27.19,0.0,309.15,3.42,59.26,66.59,75.3,0.0,,,,25.07,,1.33,29.18,1.25,1.94,326.93,113.81,609.27,8.46,84.42,,79.88,,4.75,,0.07,72.5,1.06,2.78,11.25,258.22,257.16,103.23,3.19
2026-01-15 20:00:00,170.0,39.34,20.37,47.44,26.13,0.0,307.5,3.15,56.73,65.75,74.01,0.0,,,,24.56,,1.48,25.3,1.28,1.88,321.81,115.57,604.51,8.08,80.25,,75.12,,4.69,,0.07,71.87,0.75,2.5,10.5,260.5,259.75,101.58,2.57
2026-01-15 21:00:00,167.68,38.25,19.32,46.19,25.31,0.0,304.25,2.87,54.81,63.68,75.13,0.0,,,,24.31,,1.41,22.71,1.3,1.93,317.14,115.53,589.9,8.35,77.0,,74.81,,4.5,,0.08,72.38,1.13,2.34,10.53,243.46,242.33,96.56,2.66
2026-01-15 22:00:00,167.44,37.88,19.35,46.25,25.44,0.0,297.97,3.1,53.87,62.17,75.8,0.0,,,,23.69,,1.41,12.67,1.45,1.88,305.1,111.06,583.37,8.46,76.32,,74.94,,5.18,,0.07,72.87,3.56,2.78,10.75,235.27,231.71,93.17,2.57
2026-01-15 23:00:00,161.06,36.72,19.44,46.19,25.87,0.0,290.94,2.97,52.93,61.48,72.37,0.0,,,,22.75,,1.38,9.57,1.05,1.94,290.27,107.66,584.82,8.6,75.34,,73.69,,4.75,,0.09,70.57,0.75,2.72,11.09,223.44,222.69,93.29,2.16
2026-01-16 00:00:00,160.69,36.53,18.19,44.9,24.69,0.0,291.47,2.84,52.74,58.27,72.59,0.0,,,,22.5,,1.4,9.51,1.0,1.93,283.38,105.78,576.68,8.57,73.77,,72.0,,4.75,,0.08,70.43,1.19,2.53,11.35,222.33,221.14,92.31,2.04
2026-01-16 01:00:00,161.63,36.81,18.8,46.16,24.75,0.0,290.75,2.97,53.24,55.21,73.42,0.0,,,,22.19,,1.22,9.94,1.01,1.88,281.23,100.4,577.33,8.94,75.01,,69.5,,4.57,,0.06,68.82,1.19,3.03,11.47,222.56,221.37,91.74,2.0
2026-01-16 02:00:00,158.56,36.75,18.44,45.9,26.69,0.0,287.93,2.75,53.06,55.58,72.74,0.0,,,,22.06,,1.38,9.21,1.03,1.94,283.0,99.47,582.89,8.88,74.25,,68.37,,4.43,,0.09,68.62,0.81,2.79,11.06,223.98,223.17,91.57,2.06
2026-01-16 03:00:00,157.94,37.88,17.82,45.16,24.56,0.0,287.13,2.66,53.08,54.55,72.37,0.0,,,,21.56,,1.37,12.23,0.98,2.12,282.26,100.57,572.28,9.19,73.56,,68.75,,4.32,,0.0,68.0,1.19,2.71,11.28,220.62,219.43,88.6,1.94
2026-01-16 04:00:00,159.87,36.41,17.75,45.94,24.0,0.0,283.19,2.71,52.54,55.12,72.37,0.0,,,,21.94,,1.36,13.72,0.97,2.19,281.55,99.34,577.44,9.93,73.0,,68.57,,4.18,,0.01,67.38,1.18,2.66,11.25,219.13,217.95,90.22,1.83
2026-01-16 05:00:00,163.13,36.4,17.63,46.22,24.25,0.0,283.59,2.66,52.9,54.67,73.12,0.0,,,,21.19,,1.25,13.16,0.93,2.62,281.15,99.37,578.56,10.73,73.19,,69.12,,4.13,,0.0,68.68,3.07,2.56,11.09,222.61,219.54,90.94,1.9
2026-01-16 06:00:00,157.43,35.53,17.55,44.53,23.37,0.0,284.88,2.66,53.66,55.8,72.9,0.0,,,,21.0,,1.34,10.78,0.91,3.5,279.44,99.85,577.78,10.08,73.87,,69.44,,4.12,,0.03,68.25,0.93,2.81,10.94,218.21,217.28,88.2,1.56
2026-01-16 07:00:00,163.13,36.12,18.2,45.4,24.25,0.0,289.71,2.5,53.54,55.58,71.61,0.0,,,,22.0,,1.42,13.8,1.25,3.25,279.22,99.47,582.59,8.82,74.24,,69.19,,4.19,,0.03,69.75,1.19,2.97,9.69,232.38,231.19,91.61,1.33
2026-01-16 08:00:00,174.56,43.41,20.49,45.63,26.07,0.0,302.0,2.96,55.31,58.91,77.13,0.0,,,,28.43,,1.16,23.4,1.08,3.38,288.72,105.5,586.21,6.19,78.76,,72.5,,7.0,,0.01,75.32,1.0,3.75,10.47,239.05,238.05,94.96,1.26
2026-01-16 09:00:00,189.63,51.12,21.44,45.5,28.31,0.0,327.19,4.19,58.01,61.06,81.43,0.0,,,,30.44,,2.07,27.82,0.95,3.5,310.15,111.93,602.35,14.91,83.64,,84.81,,7.94,,0.03,79.12,4.75,4.63,11.09,251.95,247.2,101.95,1.73
2026-01-16 10:00:00,214.68,51.44,21.93,47.25,30.69,0.0,345.06,5.28,59.11,69.78,83.4,0.0,,,,32.56,,2.09,30.56,1.28,3.31,325.19,117.85,632.76,13.95,86.32,,92.19,,8.25,,0.02,81.56,1.19,5.56,10.72,258.78,257.59,107.85,2.04
2026-01-16 11:00:00,227.82,54.1,22.55,46.66,30.87,0.0,345.1,4.35,61.47,74.96,82.46,0.0,,,,31.07,,1.36,32.46,0.94,2.88,333.65,116.56,651.23,9.65,88.37,,98.25,,9.25,,0.02,85.63,3.44,5.82,10.91,266.09,262.65,118.53,2.24
2026-01-16 12:00:00,237.56,49.65,23.56,46.56,33.0,0.0,341.59,4.25,62.96,77.0,80.16,0.0,,,,29.56,,1.28,29.01,1.23,2.87,335.66,118.97,654.63,4.85,90.77,,96.93,,9.19,,0.06,89.5,1.25,4.25,10.71,270.25,269.0,121.72,2.63
2026-01-16 13:00:00,233.87,50.26,22.81,48.56,33.19,0.0,340.63,4.38,63.76,73.29,81.75,0.0,,,,30.12,,1.32,27.31,0.94,2.75,337.68,125.28,662.74,4.93,90.95,,95.82,,9.43,,0.03,86.87,5.43,5.05,10.5,273.9,268.47,122.66,2.53
2026-01-16 14:00:00,240.13,50.87,23.13,48.75,35.25,0.0,353.5,4.65,64.25,77.47,82.91,0.0,,,,32.32,,1.32,28.86,0.97,3.19,349.47,130.0,672.98,10.2,92.03,,94.18,,8.88,,0.03,91.63,9.32,4.92,10.16,288.86,279.54,123.4,2.49
2026-01-16 15:00:00,239.94,51.78,23.87,48.78,37.31,0.0,349.06,4.78,63.24,81.97,91.89,0.0,,,,34.25,,1.5,27.99,1.28,3.19,352.37,126.22,673.15,15.68,91.89,,91.57,,9.62,,0.0,85.94,17.68,5.05,9.25,296.6,278.92,123.7,2.52
2026-01-16 16:00:00,239.87,50.5,23.57,48.56,37.38,0.0,349.34,4.22,61.7,76.98,86.89,0.0,,,,34.12,,1.95,28.47,1.04,2.56,352.67,121.5,672.09,13.58,89.49,,92.37,,9.0,,0.03,85.12,1.25,4.79,9.66,275.42,274.17,118.15,2.35
2026-01-16 17:00:00,228.63,47.53,24.45,48.07,32.75,0.0,345.44,4.47,62.29,75.05,83.28,0.0,,,66.74,29.69,,1.9,35.0,1.23,2.62,347.42,123.09,654.75,10.61,91.21,69.32,84.69,5.65,7.63,4.44,0.03,81.94,1.19,3.53,10.31,269.27,268.08,113.9,2.56
2026-01-16 18:00:00,209.18,39.16,23.62,48.34,29.68,0.0,327.53,3.88,58.99,70.45,79.58,,,,,25.87,,1.32,35.84,1.39,2.32,334.59,116.44,634.34,,86.49,,76.25,,5.31,,0.05,76.0,3.56,2.9,9.75,258.69,255.13,106.71,2.31
2026-01-16 19:00:00,208.63,36.75,23.94,48.44,26.5,0.0,320.53,3.4,56.79,68.35,78.28,,,,,25.75,,1.42,34.04,1.14,1.87,326.24,111.59,612.57,,84.13,,73.87,,4.94,,0.07,74.31,1.25,3.25,10.0,252.26,251.01,97.87,2.44
2026-01-16 20:00:00,203.25,37.06,21.81,46.9,25.75,0.0,311.28,3.18,53.69,67.95,76.14,0.0,,,87.35,25.07,,1.4,32.87,1.1,1.94,312.75,109.16,603.3,8.67,78.68,35.33,70.69,3.08,4.81,2.93,0.08,74.44,1.19,3.2,9.87,249.04,247.85,99.17,2.22
2026-01-16 21:00:00,203.62,35.53,20.13,45.91,25.5,0.0,305.66,3.16,54.47,67.69,76.6,0.0,,,82.99,24.12,,1.48,25.94,1.24,2.0,299.65,106.56,607.72,8.67,77.76,26.49,68.38,2.78,4.88,2.69,0.09,71.06,1.25,2.89,9.69,239.0,237.75,108.59,1.78
2026-01-16 22:00:00,199.25,36.0,19.43,47.75,24.94,0.0,301.56,2.75,53.08,62.39,75.84,0.0,,,81.0,23.5,,1.51,12.7,1.21,1.87,289.16,105.41,592.08,8.42,75.26,24.57,67.06,2.58,4.87,2.25,0.09,71.06,1.19,2.79,9.28,225.44,224.25,110.41,1.86
2026-01-16 23:00:00,195.82,35.16,19.94,46.31,24.13,0.0,295.85,3.32,52.92,57.67,73.82,0.0,,,82.17,22.81,,1.52,8.92,1.08,2.0,280.74,103.12,580.04,7.84,76.18,22.88,66.12,2.84,4.81,1.69,0.09,68.19,1.25,2.72,9.88,224.25,223.0,108.3,1.92
2026-01-17 00:00:00,,,,,,,,,,,,,,,,,,,,,,,,,,,,,,,,,,,,,,,,
2026-01-17 01:00:00,,,,,,,,,,,,,,,,,,,,,,,,,,,,,,,,,,,,,,,,
2026-01-17 02:00:00,,,,,,,,,,,,,,,,,,,,,,,,,,,,,,,,,,,,,,,,
2026-01-17 03:00:00,,,,,,,,,,,,,,,,,,,,,,,,,,,,,,,,,,,,,,,,
2026-01-17 04:00:00,,,,,,,,,,,,,,,,,,,,,,,,,,,,,,,,,,,,,,,,
2026-01-17 05:00:00,,,,,,,,,,,,,,,,,,,,,,,,,,,,,,,,,,,,,,,,
2026-01-17 06:00:00,,,,,,,,,,,,,,,,,,,,,,,,,,,,,,,,,,,,,,,,
2026-01-17 07:00:00,,,,,,,,,,,,,,,,,,,,,,,,,,,,,,,,,,,,,,,,
2026-01-17 08:00:00,,,,,,,,,,,,,,,,,,,,,,,,,,,,,,,,,,,,,,,,
2026-01-17 09:00:00,,,,,,,,,,,,,,,,,,,,,,,,,,,,,,,,,,,,,,,,
2026-01-17 10:00:00,,,,,,,,,,,,,,,,,,,,,,,,,,,,,,,,,,,,,,,,
2026-01-17 11:00:00,,,,,,,,,,,,,,,,,,,,,,,,,,,,,,,,,,,,,,,,
2026-01-17 12:00:00,,,,,,,,,,,,,,,,,,,,,,,,,,,,,,,,,,,,,,,,
2026-01-17 13:00:00,,,,,,,,,,,,,,,,,,,,,,,,,,,,,,,,,,,,,,,,
2026-01-17 14:00:00,,,,,,,,,,,,,,,,,,,,,,,,,,,,,,,,,,,,,,,,
2026-01-17 15:00:00,,,,,,,,,,,,,,,,,,,,,,,,,,,,,,,,,,,,,,,,
2026-01-17 16:00:00,,,,,,,,,,,,,,,,,,,,,,,,,,,,,,,,,,,,,,,,
2026-01-17 17:00:00,,,,,,,,,,,,,,,,,,,,,,,,,,,,,,,,,,,,,,,,
