Datetime,機械工廠
2026-01-01 00:00:00,
2026-01-01 01:00:00,
2026-01-01 02:00:00,
2026-01-01 03:00:00,
2026-01-01 04:00:00,
2026-01-01 05:00:00,
2026-01-01 06:00:00,
2026-01-01 07:00:00,
2026-01-01 08:00:00,
2026-01-01 09:00:00,
2026-01-01 10:00:00,
2026-01-01 11:00:00,
2026-01-01 12:00:00,
2026-01-01 13:00:00,
2026-01-01 14:00:00,
2026-01-01 15:00:00,
2026-01-01 16:00:00,
2026-01-01 17:00:00,
2026-01-01 18:00:00,
2026-01-01 19:00:00,
2026-01-01 20:00:00,
2026-01-01 21:00:00,
2026-01-01 22:00:00,
2026-01-01 23:00:00,
2026-01-02 00:00:00,
2026-01-02 01:00:00,
2026-01-02 02:00:00,
2026-01-02 03:00:00,
2026-01-02 04:00:00,
2026-01-02 05:00:00,
2026-01-02 06:00:00,
2026-01-02 07:00:00,
2026-01-02 08:00:00,
2026-01-02 09:00:00,
2026-01-02 10:00:00,
2026-01-02 11:00:00,
2026-01-02 12:00:00,
2026-01-02 13:00:00,
2026-01-02 14:00:00,
2026-01-02 15:00:00,
2026-01-02 16:00:00,
2026-01-02 17:00:00,
2026-01-02 18:00:00,
2026-01-02 19:00:00,
2026-01-02 20:00:00,
2026-01-02 21:00:00,
2026-01-02 22:00:00,
2026-01-02 23:00:00,
2026-01-03 00:00:00,
2026-01-03 01:00:00,
2026-01-03 02:00:00,
2026-01-03 03:00:00,
2026-01-03 04:00:00,
2026-01-03 05:00:00,
2026-01-03 06:00:00,
2026-01-03 07:00:00,
2026-01-03 08:00:00,
2026-01-03 09:00:00,
2026-01-03 10:00:00,
2026-01-03 11:00:00,
2026-01-03 12:00:00,
2026-01-03 13:00:00,
2026-01-03 14:00:00,
2026-01-03 15:00:00,
2026-01-03 16:00:00,
2026-01-03 17:00:00,
2026-01-03 18:00:00,
2026-01-03 19:00:00,
2026-01-03 20:00:00,
2026-01-03 21:00:00,
2026-01-03 22:00:00,
2026-01-03 23:00:00,
2026-01-04 00:00:00,
2026-01-04 01:00:00,
2026-01-04 02:00:00,
2026-01-04 03:00:00,
2026-01-04 04:00:00,
2026-01-04 05:00:00,
2026-01-04 06:00:00,
2026-01-04 07:00:00,
2026-01-04 08:00:00,
2026-01-04 09:00:00,
2026-01-04 10:00:00,
2026-01-04 11:00:00,
2026-01-04 12:00:00,
2026-01-04 13:00:00,
2026-01-04 14:00:00,
2026-01-04 15:00:00,
2026-01-04 16:00:00,
2026-01-04 17:00:00,
2026-01-04 18:00:00,
2026-01-04 19:00:00,
2026-01-04 20:00:00,
2026-01-04 21:00:00,
2026-01-04 22:00:00,
2026-01-04 23:00:00,
2026-01-05 00:00:00,12.79
2026-01-05 01:00:00,12.78
2026-01-05 02:00:00,12.74
2026-01-05 03:00:00,12.68
2026-01-05 04:00:00,12.75
2026-01-05 05:00:00,12.66
2026-01-05 06:00:00,12.52
2026-01-05 07:00:00,12.5
2026-01-05 08:00:00,13.05
2026-01-05 09:00:00,15.52
2026-01-05 10:00:00,16.04
2026-01-05 11:00:00,17.24
2026-01-05 12:00:00,18.63
2026-01-05 13:00:00,17.12
2026-01-05 14:00:00,17.0
2026-01-05 15:00:00,16.56
2026-01-05 16:00:00,16.16
2026-01-05 17:00:00,15.34
2026-01-05 18:00:00,13.3
2026-01-05 19:00:00,13.52
2026-01-05 20:00:00,13.86
2026-01-05 21:00:00,13.98
2026-01-05 22:00:00,13.53
2026-01-05 23:00:00,14.08
2026-01-06 00:00:00,14.39
2026-01-06 01:00:00,14.19
2026-01-06 02:00:00,13.45
2026-01-06 03:00:00,13.34
2026-01-06 04:00:00,13.46
2026-01-06 05:00:00,13.39
2026-01-06 06:00:00,13.3
2026-01-06 07:00:00,12.35
2026-01-06 08:00:00,13.7
2026-01-06 09:00:00,14.79
2026-01-06 10:00:00,14.98
2026-01-06 11:00:00,15.44
2026-01-06 12:00:00,16.31
2026-01-06 13:00:00,16.92
2026-01-06 14:00:00,16.32
2026-01-06 15:00:00,16.12
2026-01-06 16:00:00,16.19
2026-01-06 17:00:00,16.61
2026-01-06 18:00:00,15.4
2026-01-06 19:00:00,16.05
2026-01-06 20:00:00,16.29
2026-01-06 21:00:00,18.1
2026-01-06 22:00:00,16.88
2026-01-06 23:00:00,14.17
2026-01-07 00:00:00,13.86
2026-01-07 01:00:00,14.02
2026-01-07 02:00:00,13.58
2026-01-07 03:00:00,13.16
2026-01-07 04:00:00,13.04
2026-01-07 05:00:00,12.97
2026-01-07 06:00:00,12.78
2026-01-07 07:00:00,12.75
2026-01-07 08:00:00,13.81
2026-01-07 09:00:00,14.34
2026-01-07 10:00:00,15.03
2026-01-07 11:00:00,14.98
2026-01-07 12:00:00,15.81
2026-01-07 13:00:00,16.81
2026-01-07 14:00:00,16.7
2026-01-07 15:00:00,17.15
2026-01-07 16:00:00,17.02
2026-01-07 17:00:00,16.18
2026-01-07 18:00:00,15.47
2026-01-07 19:00:00,15.89
2026-01-07 20:00:00,16.19
2026-01-07 21:00:00,17.72
2026-01-07 22:00:00,17.02
2026-01-07 23:00:00,16.52
2026-01-08 00:00:00,15.93
2026-01-08 01:00:00,15.27
2026-01-08 02:00:00,15.63
2026-01-08 03:00:00,16.03
2026-01-08 04:00:00,15.95
2026-01-08 05:00:00,15.5
2026-01-08 06:00:00,15.7
2026-01-08 07:00:00,15.45
2026-01-08 08:00:00,16.22
2026-01-08 09:00:00,17.25
2026-01-08 10:00:00,19.05
2026-01-08 11:00:00,19.56
2026-01-08 12:00:00,20.24
2026-01-08 13:00:00,20.78
2026-01-08 14:00:00,21.87
2026-01-08 15:00:00,21.54
2026-01-08 16:00:00,21.33
2026-01-08 17:00:00,22.14
2026-01-08 18:00:00,22.25
2026-01-08 19:00:00,20.55
2026-01-08 20:00:00,21.39
2026-01-08 21:00:00,21.52
2026-01-08 22:00:00,21.1
2026-01-08 23:00:00,20.38
2026-01-09 00:00:00,19.75
2026-01-09 01:00:00,17.91
2026-01-09 02:00:00,17.37
2026-01-09 03:00:00,16.96
2026-01-09 04:00:00,16.59
2026-01-09 05:00:00,16.26
2026-01-09 06:00:00,15.54
2026-01-09 07:00:00,16.11
2026-01-09 08:00:00,16.15
2026-01-09 09:00:00,16.57
2026-01-09 10:00:00,17.55
2026-01-09 11:00:00,19.52
2026-01-09 12:00:00,18.48
2026-01-09 13:00:00,17.95
2026-01-09 14:00:00,17.95
2026-01-09 15:00:00,18.3
2026-01-09 16:00:00,18.05
2026-01-09 17:00:00,17.56
2026-01-09 18:00:00,17.16
2026-01-09 19:00:00,16.5
2026-01-09 20:00:00,16.16
2026-01-09 21:00:00,15.7
2026-01-09 22:00:00,15.96
2026-01-09 23:00:00,16.26
2026-01-10 00:00:00,14.8
2026-01-10 01:00:00,14.59
2026-01-10 02:00:00,14.35
2026-01-10 03:00:00,14.42
2026-01-10 04:00:00,13.83
2026-01-10 05:00:00,13.78
2026-01-10 06:00:00,13.64
2026-01-10 07:00:00,13.67
2026-01-10 08:00:00,14.08
2026-01-10 09:00:00,15.64
2026-01-10 10:00:00,15.54
2026-01-10 11:00:00,16.2
2026-01-10 12:00:00,16.42
2026-01-10 13:00:00,16.05
2026-01-10 14:00:00,15.47
2026-01-10 15:00:00,15.83
2026-01-10 16:00:00,16.41
2026-01-10 17:00:00,16.77
2026-01-10 18:00:00,16.68
2026-01-10 19:00:00,
2026-01-10 20:00:00,
2026-01-10 21:00:00,
2026-01-10 22:00:00,
2026-01-10 23:00:00,
2026-01-11 00:00:00,
2026-01-11 01:00:00,
2026-01-11 02:00:00,
2026-01-11 03:00:00,
2026-01-11 04:00:00,
2026-01-11 05:00:00,
2026-01-11 06:00:00,
2026-01-11 07:00:00,
2026-01-11 08:00:00,
2026-01-11 09:00:00,
2026-01-11 10:00:00,
2026-01-11 11:00:00,12.72
2026-01-11 12:00:00,13.12
2026-01-11 13:00:00,12.82
2026-01-11 14:00:00,14.72
2026-01-11 15:00:00,15.29
2026-01-11 16:00:00,14.93
2026-01-11 17:00:00,13.94
2026-01-11 18:00:00,13.21
2026-01-11 19:00:00,13.47
2026-01-11 20:00:00,15.48
2026-01-11 21:00:00,15.83
2026-01-11 22:00:00,14.15
2026-01-11 23:00:00,14.74
2026-01-12 00:00:00,15.16
2026-01-12 01:00:00,
2026-01-12 02:00:00,
2026-01-12 03:00:00,
2026-01-12 04:00:00,
2026-01-12 05:00:00,
2026-01-12 06:00:00,
2026-01-12 07:00:00,
2026-01-12 08:00:00,
2026-01-12 09:00:00,
2026-01-12 10:00:00,
2026-01-12 11:00:00,
2026-01-12 12:00:00,
2026-01-12 13:00:00,
2026-01-12 14:00:00,
2026-01-12 15:00:00,
2026-01-12 16:00:00,
2026-01-12 17:00:00,
2026-01-12 18:00:00,
2026-01-12 19:00:00,
2026-01-12 20:00:00,
2026-01-12 21:00:00,
2026-01-12 22:00:00,
2026-01-12 23:00:00,
2026-01-13 00:00:00,
2026-01-13 01:00:00,
2026-01-13 02:00:00,
2026-01-13 03:00:00,
2026-01-13 04:00:00,12.83
2026-01-13 05:00:00,12.84
2026-01-13 06:00:00,12.73
2026-01-13 07:00:00,12.56
2026-01-13 08:00:00,13.59
2026-01-13 09:00:00,14.81
2026-01-13 10:00:00,15.24
2026-01-13 11:00:00,14.68
2026-01-13 12:00:00,15.02
2026-01-13 13:00:00,15.44
2026-01-13 14:00:00,16.01
2026-01-13 15:00:00,16.58
2026-01-13 16:00:00,16.14
2026-01-13 17:00:00,15.56
2026-01-13 18:00:00,15.22
2026-01-13 19:00:00,14.0
2026-01-13 20:00:00,13.3
2026-01-13 21:00:00,13.51
2026-01-13 22:00:00,13.4
2026-01-13 23:00:00,13.4
2026-01-14 00:00:00,13.46
2026-01-14 01:00:00,13.35
2026-01-14 02:00:00,13.18
2026-01-14 03:00:00,13.06
2026-01-14 04:00:00,13.01
2026-01-14 05:00:00,12.97
2026-01-14 06:00:00,13.15
2026-01-14 07:00:00,12.39
2026-01-14 08:00:00,13.7
2026-01-14 09:00:00,14.68
2026-01-14 10:00:00,15.98
2026-01-14 11:00:00,16.42
2026-01-14 12:00:00,16.78
2026-01-14 13:00:00,17.25
2026-01-14 14:00:00,17.27
2026-01-14 15:00:00,17.59
2026-01-14 16:00:00,17.4
2026-01-14 17:00:00,17.61
2026-01-14 18:00:00,17.35
2026-01-14 19:00:00,17.04
2026-01-14 20:00:00,17.29
2026-01-14 21:00:00,16.61
2026-01-14 22:00:00,15.89
2026-01-14 23:00:00,15.25
2026-01-15 00:00:00,14.61
2026-01-15 01:00:00,13.06
2026-01-15 02:00:00,12.77
2026-01-15 03:00:00,13.12
2026-01-15 04:00:00,13.05
2026-01-15 05:00:00,13.36
2026-01-15 06:00:00,13.14
2026-01-15 07:00:00,12.68
2026-01-15 08:00:00,13.12
2026-01-15 09:00:00,14.78
2026-01-15 10:00:00,15.54
2026-01-15 11:00:00,16.51
2026-01-15 12:00:00,16.17
2026-01-15 13:00:00,16.35
2026-01-15 14:00:00,17.89
2026-01-15 15:00:00,20.4
2026-01-15 16:00:00,19.2
2026-01-15 17:00:00,18.79
2026-01-15 18:00:00,18.14
2026-01-15 19:00:00,17.39
2026-01-15 20:00:00,18.88
2026-01-15 21:00:00,19.9
2026-01-15 22:00:00,19.4
2026-01-15 23:00:00,19.28
2026-01-16 00:00:00,
2026-01-16 01:00:00,
2026-01-16 02:00:00,
2026-01-16 03:00:00,
2026-01-16 04:00:00,
2026-01-16 05:00:00,
2026-01-16 06:00:00,
2026-01-16 07:00:00,
2026-01-16 08:00:00,
2026-01-16 09:00:00,
2026-01-16 10:00:00,
2026-01-16 11:00:00,
2026-01-16 12:00:00,
2026-01-16 13:00:00,
2026-01-16 14:00:00,
2026-01-16 15:00:00,
2026-01-16 16:00:00,
2026-01-16 17:00:00,
2026-01-16 18:00:00,15.89
2026-01-16 19:00:00,17.49
2026-01-16 20:00:00,16.94
2026-01-16 21:00:00,19.06
2026-01-16 22:00:00,18.69
2026-01-16 23:00:00,14.86
2026-01-17 00:00:00,12.72
2026-01-17 01:00:00,12.73
2026-01-17 02:00:00,12.74
2026-01-17 03:00:00,12.88
2026-01-17 04:00:00,12.52
2026-01-17 05:00:00,12.7
2026-01-17 06:00:00,12.64
2026-01-17 07:00:00,12.4
2026-01-17 08:00:00,12.41
2026-01-17 09:00:00,13.03
2026-01-17 10:00:00,14.21
2026-01-17 11:00:00,14.11
2026-01-17 12:00:00,14.04
2026-01-17 13:00:00,14.13
2026-01-17 14:00:00,14.33
2026-01-17 15:00:00,15.42
2026-01-17 16:00:00,15.28
2026-01-17 17:00:00,15.56
2026-01-17 18:00:00,15.54
2026-01-17 19:00:00,15.42
2026-01-17 20:00:00,15.48
2026-01-17 21:00:00,15.95
2026-01-17 22:00:00,15.64
2026-01-17 23:00:00,15.9
2026-01-18 00:00:00,
2026-01-18 01:00:00,
2026-01-18 02:00:00,
2026-01-18 03:00:00,
2026-01-18 04:00:00,
2026-01-18 05:00:00,
2026-01-18 06:00:00,
2026-01-18 07:00:00,
2026-01-18 08:00:00,
2026-01-18 09:00:00,
2026-01-18 10:00:00,
2026-01-18 11:00:00,
2026-01-18 12:00:00,
2026-01-18 13:00:00,
2026-01-18 14:00:00,
